company,company_score
Warner Bros.,5
Columbia Pictures,5
Lucasfilm,5
Paramount Pictures,5
Orion Pictures,5
Universal Pictures,5
Chartoff-Winkler Productions,5
Dovemead Films,5
United Artists,5
The Malpaso Company,5
C.A.T. Films,1
Filmways Pictures,1
Rastar Pictures,5
Metro-Goldwyn-Mayer (MGM),5
IPC Films,5
AVCO Embassy Pictures,5
Lorimar Film Entertainment,5
Partisan Productions,0
Bryna Productions,1
Stephen Friedman/Kings Road Productions,1
ITC Films,0
Twentieth Century Fox,5
Guardian Trust Company,1
Cattle Annie Productions,0
Rastar Films,5
PolyGram Filmed Entertainment,5
Camp Hill,1
EMI Films,1
Walt Disney Productions,5
The South Australian Film Corporation,0
Melvin Simon Productions,1
The Jerry Gross Organization,0
Falcon International Productions,0
Jack Rollins & Charles H. Joffe Productions,0
Opera Film Produzione,1
Tri Star Productions,0
International Cinema,0
Mulberry Square Productions,1
American Cinema Productions,1
Sunn Classic Pictures,1
Major Studio Partners,5
Brooksfilms,5
Mosfilm,0
Braun Entertainment Group,1
Kings Road Entertainment,5
Lee Mendelson Film Productions,1
Alive Enterprises,1
Diversity Music,1
Santa Fe International,0
Borough Park Productions,0
Mike Lobell Productions,1
Time Life Films,1
Les Films Paul Grimault,1
Herb Jaffe,0
Da.Ma. Cinematografica,1
Chuck Barris Productions,1
Broadway Productions,1
F.F. Associates,1
East Asia Film Company,0
The Ladd Company,5
Polygram Pictures,1
Renaissance Pictures,1
Astral Bellevue Pathé,5
Charles H. Schneer Productions,1
Cinema '84,5
Kennedy Miller Productions,1
Bavaria Film,1
Gaumont,0
Golden Harvest Company,5
Mann/Caan Productions,1
HandMade Films,1
Georgetown Productions Inc.,1
Canadian Film Development Corporation (CFDC),1
Eon Productions,5
Dino De Laurentiis Company,1
Barclays Mercantile Industrial Finance,0
Walt Disney Animation Studios,5
Enigma Productions,5
Saga Productions Inc.,1
Estudios Churubusco Azteca S.A.,5
Aspen Productions (I),0
Embassy Pictures,1
Gurian Entertainment,0
International Cinema Corporation (ICC),1
Barry & Enright Productions,1
CIP Filmproduktion GmbH,1
R&R Films,1
Cinema Group Ventures,5
Artista Management,1
Fulvia Film,0
Zoetrope Studios,0
Juniper Films,1
Henson Associates (HA),1
C & C Brown Production,1
Deliverance Productions,1
Limelight Productions (II),1
Allen Smithee Classic Films,1
Les Films Galaxie,1
Morison Film Group,1
Innovisions,0
DeHaven/Shapiro Productions,1
Lija Productions,1
Viacom Enterprises,1
Merchant Ivory Productions,1
Baughn/Freed Productions,0
Bakshi Productions,0
Eaves Movie Ranch,0
Lorimar Productions,0
Adams Apple Film Company,1
Jaquet,1
Heron Productions,0
CBS Theatrical Films,1
One Way Productions,0
PolyGram Pictures,0
Calendar International Pictures,0
Balkan Productions,1
Lupo-Anthony-Quintano Productions,1
Les Films du Losange,1
Anabasis N.V.,5
Cannon Group,1
Incorporated Television Company (ITC),5
International Film Investors,1
Aurora,1
Embassy International Pictures,0
Leisure Investment Company,1
United Film Distribution Company (UFDC),1
Cambridge Productions,1
Goldcrest Films International,1
RKO Pictures,0
Cinematograph AB,1
Almena Films,1
Pan Arts,1
Rankin/Bass Productions,1
VAE Productions,1
Sorcerer Productions,1
Golan-Globus Productions,1
The Geffen Company,5
Aspen Film Society,1
The Romantic Venture,1
Chai Productions,0
Byzantine Productions,0
ABC Motion Pictures,5
IndieProd Company Productions,1
Katzka,1
Sandcastle 5 Productions,0
Richmond Light Horse Productions,0
Efer Productions,0
Company Four,1
James Glickenhaus,1
Gray City,1
Jensen Farley Pictures,1
S.F.P.C.,1
Gold Pine Productions,1
Bob-Bea Productions,1
Cypress Grove,1
Warner Bros. Animation,1
Frank Yablans Presentations,1
Accent Films B.V.,1
Permut Presentations,5
Regina Ziegler Filmproduktion,1
Alan Enterprises,0
Hanna-Barbera Productions,1
Blustarr,0
Channel Four Film,0
Blueline Productions,1
Adam Packer Film Productions,1
National Lampoon,5
American Eagle Films,0
Unity Productions,1
Atlantic Entertainment Group,5
Filmplan International,0
Amblin Entertainment,5
TaliaFilm II Productions,1
Sherwood Productions,5
Breathless Associates,1
Lucille Ball Productions,1
Marimark Productions,5
Ladbroke,1
Polyc International BV,0
Seagoat Films,0
Celandine Films,1
Rai 2,1
Edward S. Feldman Productions,1
Aries Cinematográfica Argentina,1
Antron Media Production,1
Eagle Associates.,1
1818 Productions,1
Easy Money Associates,1
National Film Trustee Company,1
Tiberius Film Productions,0
Millenium,1
JF Productions,0
Cannon Films,1
Black Rhino Productions,1
Hickmar Productions,1
Cabal Film,0
Heat GBR,1
City Films,1
Walt Disney Pictures,5
Nelvana,1
Cannon Films Inc.,1
Acorn Pictures,1
Unknown,1
De Laurentiis Entertainment Group (DEG),1
Osterman Weekend Associates,0
Recorded Picture Company (RPC),1
Diamant Film,1
World Film Services,0
Harold Robbins International Company,0
Thorn EMI Screen Entertainment,0
Delphi Films,1
Double Play,0
Les Productions Mutuelles Ltée,0
D & P Productions,0
Phillips Whitehouse Productions,0
Albert Band International Productions Inc.,1
Seventh Avenue Films,1
Winwood Productions,1
Englander Productions,0
Cinema Vehicle Services,5
Metrocolor,1
Star Cinema,0
Gaylord Productions,1
K.G. Productions,0
Jennie and Company,1
Force Productions,0
Charles Burnett Productions,0
Lantana,0
Filmline Productions,0
Pirromount Pictures,0
Channel Four Films,1
The Samuel Goldwyn Company,0
CTV,0
New Line Cinema,5
AMLF,1
Constantin Film,5
Road Movies Filmproduktion,0
Spinal Tap Prod.,1
Virgin,1
Kingsmere Properties,1
Hal Roach Studios,1
Touchstone Pictures,5
River Road Productions,1
TriStar Pictures,5
Bachelor Party Productions,1
Nibariki,1
Chroma III Productions,1
Artistry Limited,0
C.H.U.D. Productions,1
Edge City Productions,0
Zupnik-Curtis Enterprises,1
New World Pictures,5
Delphi II Productions,1
Arcafin B.V.,1
Cinesthesia Productions,1
Zenith Entertainment,0
Colgems Productions Ltd.,0
The Cannon Group,5
Films de L'Alma,1
A&M Films,1
Empire Pictures,0
Jaffe-Lansing,0
Edgar J. Scherick Associates,1
Capricorn,1
Racing Pictures,0
Georgian-Film,0
UAA Films,1
Lake (Comfort and Joy),1
Hemdale,5
Conacite Uno,1
HBO Pictures,1
Fox Run Productions Inc.,0
Spectrum Cinema Productions,1
Baltic Industrial Finance,1
Don Simpson/Jerry Bruckheimer Films,5
Anarchist's Convention Films,1
BBE,1
Hawn / Sylbert Movie Company,5
Tartan Productions,1
Far West,1
MPL Communications,0
Filmtre,0
ACCENT Films,1
Skyewiay,0
Angeles Cinema Investors,1
Producers Sales Organization (PSO),0
Jethro Films Production,1
Archerwest,1
Films A2,0
David Foster Productions,0
Filmtrex,0
Hungarofilm,0
Almost You,0
Century Video Corporation,0
Gaumont International,1
SLM Production Group,5
Legend Production Company,0
Delphi III Productions,1
Greenwich Film Productions,0
Riverside Pictures,0
Mirage Enterprises,5
Gomillion Studios,1
Night Life Inc.,1
Golden Way Films Ltd.,0
HB Filmes,1
Working Title Films,5
American Playhouse,1
Cinepro,1
Itami Productions,1
Trans World Entertainment (TWE),1
Seasonal Film Corporation,1
WW Production,1
Pfeiffer/Blocker Production,1
Christel Films,1
Edie & Ely Landau Inc.,1
Balcor Film Investors,1
Desert Hearts Productions,1
Engelberg-Sumner-Cheikes,1
Svensk Filmindustri (SF),1
Fifteen,0
Les Films du Loup,1
Cinema VII,1
Silver Screen Partners II,1
Avenging Venture,1
GGG,0
Media Ventures,1
Atlantic,1
Calendar Productions,1
Toho Company,0
Pressman Productions,0
Bountiful Film Partners,1
Eurasia Investments,0
Interscope Communications,5
Historias Cinematograficas Cinemania,1
Crystalite Productions,1
Filmation Associates,1
Centar Film,1
Young Sung Production Co.,0
ITM Productions,1
Bud Yorkin Productions,1
Sascha-Verleih,0
Guber-Peters Company,1
CBS Entertainment Production,1
PfH Ltd.,1
The Rank Organisation,0
Lantana Productions,1
Film Four International,1
Blackhawk Productions,1
DIC Entertainment,0
Delphi IV Productions,0
Flach Film,1
Film Corporation of Kenya,0
Cannon Pictures,0
CFS Avala Film,0
Entertainment Events,1
Window III Productions,0
Manfred Durniok Filmproduktion,1
Lynn-Davis Productions,0
Asher-Grodin Productions,1
Columbia Films,1
The Rejoycing Company,0
Britannic,1
Filmauro,0
The Mount Company (II),0
Lodestar Productions,0
Hachette Première,1
Films RSL,1
Alliance Communications Corporation,1
Antonine Films,1
ABC Entertainment,1
Mirage Films,0
La Cecilia,0
Malofilm,0
Centre national du cinéma et de l'image animée (CNC),1
Angeles,0
Les Films de la Tour,0
Rimfire Films,5
The Saul Zaentz Company,0
New Century Entertainment Corporation,1
Jay Weston Productions,1
Alternate Current,1
L.A. Films,1
Lawrence Gordon Productions,1
Initial Pictures,0
Maljack Productions,1
Police Academy Productions,1
Svenska Filminstitutet (SFI),1
Sunbow Productions,1
Lorimar Film Partners,1
Religioso Primitiva,1
40 Acres & A Mule Filmworks,5
Island Pictures,1
Freddie Fields Productions,1
Les Films Plain Chant,1
Fuji Television Network,1
British Film Institute (BFI),1
Compañía Iberoamericana de TV,1
Carthago Films S.a.r.l.,0
Capital Equipment Leasing,0
DD Productions,1
Virgin Vision,1
Cannon Screen Entertainment,1
Gladden Entertainment,5
Gary Kurfirst Pictures,1
Meltdown Productions,1
Delphi V Productions,0
Ministère de la Culture et de la Communication,1
Paragon Arts International,1
American Filmworks,1
Cascade Films,0
TMS Pictures,1
Scary Stuff,1
Escalante Productions,0
Marquis,0
Blake Edwards,1
Compact Yellowbill,0
Centurion,0
Corporation Image M & M,1
Canadian Broadcasting Corporation (CBC),1
Griffon Productions,1
Produzioni Europee Associate (PEA),1
Little Bear,1
Rondo Productions,0
Miramax,5
Aaron Spelling Productions,0
J&M Entertainment,0
Ciné Valse,1
Portreeve,1
Grace,1
Carson Productions,1
Cinequanon,0
Hyperion Pictures,0
Fringe Dwellers Productions,0
MTM Enterprises,1
Caméras Continentales,1
Cinetel Films,1
Simcom Limited,1
Fons Rademakers Produktie,1
Continental Motion Pictures,0
Action Communications,0
Les Films 13,0
Act III Communications,1
Natant,1
Great American Films Limited Partnership,5
Circle Films,1
F/M,0
Hughes Entertainment,5
TAFT Entertainment Pictures,1
Amercent Films,5
Cineplex Odeon Films,1
Alive Films,1
Columbia Pictures Industries,1
Applied Action,1
New Century Entertainment,1
Emshell Producers,1
Lightyear Entertainment,0
Heron Communications,1
Vista Organization,1
Nouvelles Éditions de Films (NEF),1
British Screen Productions,0
Panorama Film A/S,1
Pelemele Film,1
Canon Italia S.r.l.,0
Finnegan/Pinchuk Productions,1
Filmhaus,1
7 Films Cinéma,0
Clear Type,1
Home Box Office (HBO),1
The Guber-Peters Company,0
Carolco Pictures,5
Cinecom Entertainment Group,0
Per Holst Filmproduktion,1
Fourth Protocol,1
Bagdasarian Productions,1
Aurora Productions LLC,1
British Columbia Television,1
Lorimar Motion Pictures,0
Imagine Films Entertainment,5
Independent Film Centre,0
Albacore Productions Inc.,1
Col.Ima.Son,1
Silent Night Releasing Corporation,0
Titan Productions,0
H.I.T. Films,0
Mrs. White's Productions,0
Conquering Unicorn,1
Vestron Pictures,0
Compagnie Eric Rohmer (CER),1
Northern,1
In-Cine Compañía Industrial Cinematográfica,0
Commies From Mars Corporation,0
Sands,1
Callender Company,0
The Vista Organisation,1
Aljosha,1
Alexandre Films,1
Luna Films,0
Excelsior Film-TV,1
Kindred Limited Partnership,1
RAI Radiotelevisione Italiana,1
New World Entertainment Films,0
Magnus Films,1
American Entertainment Partners II L.P.,5
Akira Committee Company Ltd.,1
Cristaldifilm,1
Tokuma Japan Communications,1
Morgan Creek Entertainment,5
Cannon International,1
The Mount Company,1
DDM Film Corporation,1
All Girl Productions,5
Prominent Features,0
Sarlui / Diamant,0
Trancas International Films,1
NBC Productions,0
Mac and Me Joint Venture,0
Front Films,1
Weintraub Entertainment Group,0
Cannon Entertainment,1
White Lair,0
Vision PDG,0
Shapiro-Glickenhaus Entertainment,1
Laurenfilm,1
Cinema City Films,1
Blue Rider Pictures,1
Palace Pictures,5
Zanuck/Brown Productions,1
Palla,0
Cornelius Productions,1
In-Gear Film Production,1
Zacharias-Buhai Productions,0
United British Artists (UBA),1
Forum Sarajevo,0
Spacegate Productions,1
New Sky Communications Inc.,0
The Movie Group,0
National Broadcasting Company (NBC),1
Price,1
Esparza,0
Jascat,1
Cinema Group,0
Mirabai Films,1
Burrowes Film Group,1
Portman Productions,1
Les Films Christian Fechner,1
Imagine Entertainment,5
CB Films,0
Bigelow Productions,1
Abramoff Production,0
Concorde Pictures,1
Miracle Pictures,0
Caroline Productions,1
No Frills Film Production,1
Cecchi Gori Group Tiger Cinematografica,1
Cinecom Pictures,1
Avenue Pictures,0
New Visions,0
Silver Screen Partners III,0
Management Company Entertainment Group (MCEG),1
Westwind,0
Handful of Dust,1
Panorama,1
Crescent Moon,0
Jolly Russell Productions,0
Producers Representative Organization,0
Silver Pictures,1
Gordon Company,5
Outlaw Productions (I),1
Castle Rock Entertainment,5
Ixtlan,5
Gracie Films,1
Danjaq,5
Eddie Murphy Productions,1
White Eagle,0
Art Linson Productions,1
Ferndale Films,1
Davis Entertainment,5
Cinecorp SAC,1
El Deseo,5
The Zanuck Company,5
Lightning Pictures,1
Magnum Pictures Inc.,1
Carolco Entertainment,1
Beco Films,1
Norman Twain Productions,1
Renaissance Films,1
Renn Productions,0
JVC Entertainment Networks,1
Allied Vision,1
KB Erik the Viking,1
Alleged Productions,0
Crescent Film Enterprises,1
Elrina Investment,1
First Millenium Partnership,1
Allied Filmmakers,0
TMS Entertainment,0
Malpaso Productions,0
Larco Productions,0
Scotti Brothers Pictures (I),1
Canadian International Studios VIII,0
Gary Sherman Productions,1
Braunstein and Hamady Productions,1
Davros Films,0
21st Century Film Corporation,1
Nova International Films,0
Action Features,0
Sean S. Cunningham Films,0
London Weekend Television (LWT),1
Hill/Rosenman,1
Bandai Media Department,0
Arenafilm,1
Corsair Pictures,1
Initial Film and Television,1
FM Entertainment,1
Max Films Productions,0
Koch Company,1
High Bar Productions,0
Kouf/Bigelow Productions,0
Budapest Stúdió Vállalat,0
North Street Films,1
Cine Location Services,0
Breton Film Productions,1
AM/PM Entertainment,0
Gibraltar Entertainment,0
Cinéa,1
Aaron Russo Entertainment,0
American Playhouse Theatrical Films,0
Troma Entertainment,1
Double Helix Films,0
Edward R. Pressman Productions,1
Epic Productions,1
Paulist Pictures,1
Charlie Mopic,0
Bayerischer Rundfunk (BR),1
Curzon Films,1
Silverman Entertainment,1
Tig Productions,5
888 Productions,5
Bioskop Film,1
Hollywood Pictures,5
Reteitalia,0
Detour Filmproduction,1
In-Gear Film,1
Pathé Entertainment,1
88 Productions,0
Imperial Entertainment Corporation,1
Silver Screen Partners IV,1
"Jackson/McHenry Company,The",5
Icon Productions,5
Nicolas Entertainment,1
Sovereign Pictures,1
Levins-Henenlotter,0
Cinehaus,0
Victor & Grais,1
Chestnut Hill Productions,1
Kanun parvaresh fekri,1
Devoted Productions,1
Laurence Mark Productions,0
Fugitive TV Productions,1
Erre Produzioni,1
Brandenberg,1
Westerly Films,1
Caméra One,1
Ironbark Films,0
British Broadcasting Corporation (BBC),0
Disney Television Animation,5
Cine-Source,1
Tristes Tropiques,1
Granada Television,1
China Film Co-Production Corporation,0
Lambart Productions,1
Dave Bell Associates,1
ADC Films,0
Brigand Films,0
Regency International Pictures,1
Hibiscus Films,1
Cinemarque Entertainment,0
Bonded Filmworks,1
Belbo Films,1
SVS Films,1
David Blocker Productions,1
Bandai Visual Company,1
Pacific Western,0
Unity Pictures,0
Duffy Films,1
Paisley Park Films,0
Concorde-New Horizons,1
Kodiak Films,1
Odyssey,0
France 3 Cinéma,0
Haruki Kadokawa Films,0
Atlas,1
Filmverlag der Autoren,1
Cinephile,0
Largo Entertainment,5
Strong Heart/Demme Production,5
Anhelo Producciones,1
Bill Graham Films,0
Nelson Entertainment,0
Pierre Grise Productions,1
Geffen Pictures,5
Stone Group Pictures,1
Beacon Communications,5
Sidéral Productions,1
Constellation,0
Victor Company of Japan (JVC),0
Joseph S. Vecchio Entertainment,0
Davis-Panzer Productions,0
Little Tokyo Productions,0
Krisjair,0
Arnold Kopelson Productions,1
Nippon Television Network (NTV),1
Pressman Film,0
Argos Films,0
Capella International,1
ERA International,1
Movie Partners,1
Fogwood Films,5
Cheap Date,1
Canal+,5
IRS Media,1
Alicéléo,1
Baltimore Pictures,0
Arena,0
Black River Productions,1
Bronze Eye Productions,1
BBC Films,5
A.M.A. Film,1
Carnival Film & Television,5
Siriol Productions,0
Allarts,1
Hivemind,0
Alliance Entertainment,1
Les Films 21,0
Marble Hall,1
Feature Film Enterprise II,1
House & Moorhouse Films,1
C.L.G. Films,1
Film Par Film,1
Initial Films,1
Island World,1
Australian Film Finance Corporation (AFFC),5
Robert Simonds Productions,5
Geechee Girls,1
Esperanto Filmoj,1
Grand Highway Productions,1
MK2 Productions,1
Esperanza Films Inc.,0
Parallax Pictures,1
Initial Entertainment Group (IEG),0
Raffaella Productions,0
Califilm,1
Erato Films,1
Pedro Costa Producciones Cinematográficas,1
Numero Uno International,1
New Visions Pictures,1
Live Entertainment,0
Candyman Films,1
American Zoetrope,5
Kasdan Pictures,5
Avnet/Kerner Productions,5
Image Organization,1
Bakshi Animation,0
StudioCanal,5
Touchwood Pacific Partners 1,1
Largo International N.V.,1
Mace Neufeld Productions,5
WingNut Films,0
Parkes/Lasker productions,5
Encino Man Productions,1
Bad Lt. Productions,1
FAI Films,1
Les Artistes Anonymes,1
Fifth Avenue Entertainment,1
Lolafilms,0
Ladybugs,1
Beyond Films,1
Adventure Pictures,1
Challenge Film Corporation,0
Turner Pictures (I),5
Film Victoria,1
Alcor Films,0
Dark Horse Entertainment,1
Gallery Films,1
Northern Lights Entertainment,5
Ascot Film,0
Consejo Nacional para la Cultura y las Artes (CONACULTA),1
Paradis Films,1
Imperial Entertainment,1
Dino de Laurentiis Communications,1
Penta Pictures,0
Enchantment Films Inc.,0
Cinemabrain,1
DENTSU Music And Entertainment,5
Wong Jing's Workshop Ltd.,0
Animatógrafo,1
Sigma Film Productions,0
Atchafalaya,1
Cineville,1
Why Not Productions,1
Christopher Columbus Productions,0
Demi-Monde Productions,0
Gruskoff/Levy Company,1
SVT Drama,1
Green Umbrella Ltd.,1
Central Motion Pictures,1
Desperate Pictures,1
Zeta Entertainment,0
Alliance Films Corporation,1
Penta Films,0
Thelma Film AG,1
Penta Entertainment,0
F2,0
Majestic Films International,0
Meir Teper,1
Bellboy Films Limited,1
Mirage Entertainment,1
Memfis Film,1
Vision International,1
In The Bag Productions,0
Gramercy Pictures (I),5
Thin Man Films,1
Price Entertainment,1
CiBy 2000,0
Hell's Kitchen Films,5
Film Andes S.A.,1
TriStar Television,0
Warner Bros. Family Entertainment,5
Knickerbocker Films,1
John Davis,5
Trimark Pictures,1
Fine Line Features,0
Davis-Films,1
CNCAIMC,0
Mainline Pictures,1
Polygram Filmed Entertainment,5
Dorset Productions,0
B.A. Produktion,1
Icon Entertainment International,5
Raffaella De Laurentiis Productions,1
Chiodo Brothers Productions,0
Full Crew/Say Yea,1
Tomson Films,1
Wildwood Enterprises,0
Propaganda Films,0
Spring Creek Productions,1
Artimm,1
Alpilles Productions,1
Steve White Productions,1
August Entertainment,0
Capella Films,1
Parkway Productions,0
Picture Securities,0
Richard Williams Productions,0
Les Productions Lazennec,1
Laughing Kookaburra Productions,1
Film Workshop,1
Bregman/Baer Productions,1
Sheen Productions,1
Cecchi Gori Europa N.V.,0
Ang Lee Productions,1
Kino Korsakoff,1
Caledonia Pictures,1
Rastar Productions,0
New Horizons Picture,1
Sacher Film,1
Some Film,1
Blurco,1
Krasnow Productions,0
Channel 4 Television Corporation,0
The Mark Gordon Company,5
Crowvision Inc.,1
Capcom Entertainment,5
Jet Tone Production,1
View Askew Productions,1
Donner/Shuler-Donner Productions,5
Caravan Pictures,5
Jersey Films,1
British Screen Finance Ltd.,1
Ultra Muchos Productions,0
Cinergi Pictures Entertainment,5
Communicado Productions,1
Savoy Pictures,0
Vegahom Europe,1
Egg Pictures,5
Don Bluth,0
Greenleaf Productions,0
Aleph Producciones S.A.,1
Jones Entertainment Group,1
Seagal/Nasso Productions,0
Etalon Film,0
Buckeye Films,1
Nest Family Entertainment,0
Motion Picture Corporation of America (MPCA),1
Capitol Films,1
Fallingcloud,0
Audifilm,0
Entertainment Film Distributors,1
Admire Productions Ltd.,1
Channel Films,1
Abbas Kiarostami Productions,1
21st Century Films,0
Ben-Ami/Leeds Productions,0
Broadway Pictures,5
Lumière Pictures,1
Santo Domingo Film & Music Video,1
Planet Productions,1
Mulholland Productions,0
Ardican Films,1
Lightning Ridge,1
Annhall,0
Antibes Inc.,0
First Look International,1
Stéphan Films,1
Barcelona Films,1
Aim,0
Studio Trite,0
Good Machine,5
Percy Main,1
Cecchi Gori Pictures,5
Guys Upstairs,1
Lumiere Pictures,1
Monarchy Enterprises B.V.,1
Le Studio Canal+,1
Image Comics,0
Constellation Entertainment,0
Kôdansha,1
Havoc,1
Lightstorm Entertainment,0
Beckner/Gorman Productions,0
New Regency Productions,5
Pandora Filmproduktion,1
Halloween VI Productions,1
Sandollar Productions,1
Dualstar Productions,1
Suburban Pictures,1
JDI Productions,1
Lancaster Gate,1
Sweetland Films,0
Amblimation,1
FIT Productions,0
Seraphim Films,1
Allied Stars Ltd.,0
1992 Number Four Limited Partnership,1
Union Générale Cinématographique (UGC),1
Dog Eat Dog Films,0
Triumph Films,0
Mayfair Entertainment International,1
Canal+ España,5
Tapestry Films,1
Available Light Productions,1
Playhouse International Pictures,1
Sunshine,1
Brothers McMullen Productions,1
Fast Films,1
Distant Horizon,1
The Booking Office,1
Atlas Entertainment,5
Party Productions,1
Populist Pictures,0
ARD Degeto Film,1
A Band Apart,0
Republic Pictures (II),0
Greek Film Center,0
Rysher Entertainment,0
Oxford Film Company,1
Cantaloupe Production,1
Bergen,1
Lee Rich Productions,1
Bazmark Films,5
Dimension Films,5
Astoria Films,5
Tim Burton Productions,1
Fiction,0
Clavius Base,1
Kopelson Entertainment,5
Digital Image Associates,5
Doug Liman Productions,1
Green Parrot,0
Fox 2000 Pictures,5
3 Arts Entertainment,5
NDF International,1
Balboa Entertainment,1
ARTE,1
Addis Wechsler Pictures,1
The Kushner-Locke Company,0
1492 Pictures,5
ABC Productions,1
Universal City Studios,0
Dinamo Entertainment,1
Scott Rudin Productions,5
Bad Bird Productions,1
Eleventh Street Production,0
MDP Worldwide,1
Pope Productions,1
Bruin Grip Services,0
Dacia Films,1
Mundy Lane Entertainment,1
Cineritino S.r.L.,1
Joe Wizan/Todd Black,1
Independent Pictures (II),0
Mindy Affrime,1
Boneyard Film Company Inc.,1
Juno Pix,5
Atman Entertainment,1
NFH Productions,0
Peters Entertainment,5
PVM Entertainment,0
Appledown Films Inc.,1
MGM Family Entertainment,1
Fox Searchlight Pictures,5
United Artists Pictures,0
October Films,0
.406 Production,0
Good Dog Productions LLC,1
Dimitri Villard Productions,1
Mandeville Films,5
FM Entertainment International N.V.,1
Connection III Entertainment,1
Cappa Production,0
Longview Entertainment,0
Guild,0
Melampo Cinematografica,5
Golar Productions,0
Mandalay Entertainment,5
Brandywine Productions,5
Cube Libre,1
Rex Entertainment,1
Cinema Line Film Corporation,5
Blue Tulip Productions,1
Redwave Films,5
McFarlane Films,1
Samuelson Productions,1
Too Askew Prod. Inc.,1
Phoenix Pictures,5
Dreamworks Pictures,5
Q Productions,1
Block 2 Pictures,5
Kuzui Enterprises,0
O Entertainment,5
DC Entertainment,0
De Fina-Cappa,0
Daiei Studios,0
Working Dog,1
High School Sweethearts,0
BBC Scotland,1
Norsk Film,1
New Amsterdam Entertainment,0
Jasmine Productions Inc.,0
Papazian-Hirsch Entertainment International,0
Def Pictures,1
Butcher's Run Films,1
ZapPictures,1
GH Pictures,1
Clinica Estetico,1
David Kirschner Productions,0
Samson Productions Pty. Ltd.,0
Daybreak,0
Buena Vista International Film Production (Germany),1
Bandeira Entertainment,0
Agenda,0
Lakeshore Entertainment,5
JLT Productions,0
Plump Fiction LLC,1
Bates Entertainment,0
Ivory Way Productions,0
All Net Productions,1
Underdog Productions,1
Alliance Atlantis Communications,0
BMG Independents,1
Joel Castleberg Productions,1
Sheinberg Productions,0
Larger Than Life Productions,1
Good Film Company,1
Summit Entertainment,5
Amen Ra Films,5
Fear and Loathing LLC,0
Pixar Animation Studios,5
DiNovi Pictures,5
American Empirical Pictures,1
Mystery Clock Cinema,1
Centropolis Film Productions,5
DreamWorks Animation,5
Forge,1
Nimbus Film Productions,1
FGM Entertainment,0
Midwinter Productions Inc.,1
Harvest Filmworks,1
Calimari Productions,0
Dollface,1
Intermedia Films,1
Cinépix Film Properties (CFP),1
X-Filme Creative Pool,5
Next Wave Films,1
Sciarlò,1
Dharma Productions,5
Rhino Films,1
Zucker Brothers Productions,0
HSX Films,0
Gemini Films,1
ARP Sélection,5
Jaffilms,1
Lions Gate Films,5
Rhombus Media,0
Oriental Light and Magic (OLM),5
Big Dog Films,1
Tomboy Films,5
Award Entertainment,0
British Broadcasting Corporation (BBC) Television,0
Chaos Productions,1
Zentropa Entertainments,5
391 Productions,1
"Audiovisual Development Bureau, Ministerio da Cultura",1
Polar Entertainment,0
Cruise/Wagner Productions,5
ShadowCatcher Entertainment,1
Harpo Films,0
Leeds/Ben-Ami Productions,1
Monarch Pictures,0
Shooting Gallery,0
Engine Film,1
JD Productions,1
Enchanter Entertainment,0
Fade In Films,0
Knock Films A.V.V.,0
Blue Streak Films,1
Artisan Entertainment,1
J & M,1
Picture Palace North,0
Chinese Bookie Pictures,0
Les Films Alain Sarde,1
Allegro Films,1
Dreyfuss / James Productions,1
HK Film Corporation,0
Lakeshore International,1
FilmColony,5
NEO Motion Pictures,0
Haxan Films,5
Ghoulardi Film Company,1
Franchise Pictures,0
MTV Films,1
Bona Fide Productions,1
Astralwerks,1
Jack Giarraputo Productions,5
Happy Madison Productions,5
Dark Castle Entertainment,5
Cheerleader LLC,1
Crossroads Films,0
Asymmetrical Productions,0
Pathé Pictures International,5
ETIC Films,0
Arts Council of England,1
Screen Gems,5
Azoff Entertainment,1
Village Roadshow Pictures,5
Irish Screen,1
India Take One Productions,1
Mutual Film Company,0
Canal+ Droits Audiovisuels,0
Clear Blue Sky Productions,1
British Columbia Film,1
David Brown Productions,0
3B Productions,1
Baldwin/Cohen Productions,0
Crystal Sky Worldwide,1
La Sept-Arte,0
Dogstar Films,0
Jim Henson Pictures,0
Ambridge Film Partnership,0
Tribeca Productions,0
Baumgarten-Prophet Entertainment,0
3 Miles Apart Productions Ltd.,0
Goldwyn Films,1
Spyglass Entertainment,5
Toho Pictures,0
FilmFour,5
4 Kids Entertainment,5
Destination Films,0
Medusa Film,5
Elysian Dreams,1
7 Arts International,0
Craven-Maddalena Films,1
Bigel / Mailer Films,0
Alcon Entertainment,5
Studio Hamburg Filmproduktion,1
Play It Inc.,0
Cradle Productions Inc.,0
Flying Heart Films,0
Winslow Partners Ltd.,1
Varahonar Company,1
Artémis Productions,1
Newmarket Capital Group,1
Senator Film Produktion,1
Cherry Alley Productions,0
Cinerenta Medienbeteiligungs KG,1
Santa Monica Holdings,0
Woodline Productions,1
Evenstar Films,0
Marked Entertainment,0
49th Parallel Productions,1
Am Psycho Productions,1
Clipsal Films,5
Figment Films,5
Jerry Bruckheimer Films,5
Aardman Animations,5
Compulsion Inc.,5
Asia Union Film & Entertainment Ltd.,5
Copperheart Entertainment,0
Altavista Films,1
Opera Film (II),1
Bel Air Entertainment,0
Revelations Entertainment,0
Avery Pix,0
Avrora Media,0
Cruella Productions,5
MFF Feature Film Productions,1
Lewitt / Eberts Productions,1
Code Entertainment,0
Moonstone Entertainment,1
Seven Arts Pictures,1
Hart Sharp Entertainment,1
Chester Films Inc.,1
1+2 Seisaku Iinkai,1
Hammerhead Productions,0
Branti Film Productions,0
Open City Films,1
Artic Productions LLC,0
Légende Films,5
Saturn Films,1
Gullane Pictures,1
Haft Entertainment,0
Punch 21 Productions,0
Brant-Allen,1
El Mar Pictures,1
Cloud Ten Pictures,1
Behaviour Worldwide,1
New Oz Productions,0
Portman Entertainment Group,1
double A Films,1
Myung Film Company Ltd.,0
Fidélité Productions,1
Boneyard Entertainment,1
Madhouse,1
13 Productions,1
FX Sound,1
Banner Entertainment,1
Green/Renzi,1
NPV Entertainment,0
Rosa Filmes,1
Raajkamal Films International,1
Animal Productions LLC,0
Filmtown Entertainment,1
Arte France Cinéma,1
Monogatari,1
Three Rivers Production,0
Brillstein-Grey Entertainment,0
Prufrock Pictures,0
Saban Entertainment,1
Film Kraft,0
Daly-Harris Productions,1
Coproduction Office,1
Tartan Films,0
Chaiken Films,1
Tokuma Shoten,5
Pandora Cinema,1
Revolution Studios,5
Claudie Ossard Productions,5
Apostle,1
Eureka Pictures,0
USA Films,5
Hollywood Licensing Group,1
Alicia Produce,1
Lee Daniels Entertainment,1
Téléma,1
LivePlanet,5
Cort/Madden Productions,5
Bungalow Productions,1
Metropolitan Filmexport,1
Killer Films,0
IMF Internationale Medien und Film GmbH & Co. 2. Produktions KG,0
Daiei Eiga,1
Konrad Pictures,1
Winkler Films,0
Omega Project,0
Star Overseas,1
Fireworks Pictures,1
Manic LLC,1
Aamir Khan Productions,5
Chris Lee Productions,0
Cité-Amérique,1
Fuller Films,0
Excel Entertainment,1
Manhattan Pictures International,1
Typhoon,1
"BKM, kulturelle Filmförderung des Bundes",1
Noé Productions,1
IMF Internationale Medien und Film GmbH & Co. Produktions KG,1
Chickie the Cop,1
EuropaCorp,5
Lost Soul Productions,0
i5 Films,1
IFC Productions,5
MBP (Germany),1
Alter Ego Entertainment,1
Greisman Productions,0
Abandon Pictures,1
Samuel Goldwyn Films,1
Blow Up Pictures,1
4k Films,1
3Mark Entertainment,0
Ecosse Films,0
R.P. Productions,5
DNA Films,5
O2 Filmes,1
120 Films,1
Slough Pond,1
Beverly Detroit,1
Gold Circle Films,5
Kintop Pictures,5
Myriad Pictures,1
Handprint Entertainment,1
Edko Films,5
Quinta Communications,0
Tonic Films,1
Red Chillies Entertainment,1
Fuzzy Bunny Films (I),1
25th Hour Productions,1
Media Asia Films,1
Kingsgate Films,1
Flan de Coco Films,1
Muse Productions,1
CJ Entertainment,5
Cherry Sky Films,1
98 MPH Productions,5
Cheyenne Enterprises,0
2 Loop Films,0
Blue Train Productions,1
FTM Productions,0
First Light Production,0
Revolution Films,1
Focus Features,5
Silver Sphere Corporation,1
Focus Puller Inc.,0
Pioneer LDC,1
South Pacific Pictures,1
Rumbalara Films,1
Alphaville Films,0
Scottish Screen,1
United Artists Film Corporation,0
BIM Distribuzione,1
Odeon Films,0
Sony Pictures Classics,1
"Morra, Brezner, Steinberg and Tenenbaum Entertainment (MBST)",1
Epsilon Motion Pictures,0
Bac Films,1
The State Hermitage Museum,1
Alliance Atlantis Motion Picture Production,1
ApolloMedia Distribution,0
Castelao Producciones,1
Citizen Films,1
Bórd Scannán na hÉireann,1
Material,0
Det Danske Filminstitut,1
CineWild,0
Alta Films,1
HBO Films,1
Intrinsic Value Films,1
Show East,1
C-2 Pictures,5
Media 8 Entertainment,1
Marvel Enterprises,5
Wiseau-Films,0
Spectacle Entertainment Group,1
Lynda Obst Productions,5
Angry Films,5
Casual Friday Productions,5
Plunge Pictures LLC,5
Archer Street Productions,1
Gray Daisy Films,0
This Is That Productions,1
Korea Pictures,1
Boll Kino Beteiligungs GmbH & Co. KG,0
"""DIA"" Productions GmbH & Co. KG",1
SenArt Films,1
900 Films,0
ContentFilm,1
Ren Film,1
Asmik Ace Entertainment,1
Moviola Film och Television AB,1
Les Armateurs,0
B.O.M. Film Productions Co.,1
Asahi National Broadcasting Company,1
The Film Consortium,1
Nord-Ouest Films,1
M&M Productions,1
Emperor Multimedia Group (EMG),0
Mepris Films,0
World of Wonder Productions,0
BiBi Film,1
Funny Boy Films,1
Mandalay Pictures,0
Buena Vista International,5
19 Entertainment,0
International West Pictures (IWP),1
Rakueisha,1
Cobalt Media Group,0
Klasky-Csupo,1
Eikon Film,0
Bestboy Pictures,1
Go Films,1
BR Petrobrás,1
Pyramide Productions,1
American Entertainment Investors,1
Café Film,1
Evolution Entertainment,5
Forward Pass,5
Buena Vista Home Entertainment,5
Apocalypso Pictures,1
BenderSpink,5
Bob Yari Productions,5
Strike Entertainment,5
Filmax Group,1
Endgame Entertainment,1
Warner Independent Pictures (WIP),5
ERBP,1
Red Carpet Productions,1
Columbia Pictures Film Production Asia,5
Camelot Pictures,1
Rogue Pictures,5
Grand Slam Productions,5
Pop Pop Productions,1
Antidote Films (I),1
Above All Things Inc.,1
Lions Gate Entertainment,1
Beijing New Picture Film,1
Warp Films,1
2003 Productions,1
Whitewater Films,1
Broken Lizard Industries,0
Kim Ki-Duk Film,1
Ashutosh Gowariker Productions,1
Sogepaq,1
Nine Yards Two Productions,0
Mid Day Multimedia Limited,1
Vega Film,5
Dash Films,1
Applause Pictures,1
Bazelevs Production,5
Movision,0
The Weinstein Company,5
UK Film Council,1
Eulogy Productions LLC,0
Olga Film,1
Shangri-La Entertainment,0
Yash Raj Films,1
Deep River Productions,0
Remstar Productions,1
True West Films,0
Kang Je-Kyu Film Co. Ltd.,5
Huit et Demi Productions,1
Studio 4°C,1
Sonet Film AB,1
Extra Large Pictures,1
Big Red Dog Productions,1
Claussen & Wöbke Filmproduktion GmbH,1
Celador Films,5
Baker Street,1
Eden Rock Media,1
Next Entertainment,5
Rent Productions LLC,0
Twentieth Century Fox Animation,5
Twisted Pictures,5
Coach Carter,1
Entertainment Manufacturing Company,1
Andrea Sperling Productions,1
Inferno Distribution,1
Bergman Lustig Productions,1
John Wells Productions,0
Conundrum Entertainment,1
The Family Stone,5
BET Pictures,1
Room 9 Entertainment,1
Di Bonaventura Pictures,5
Fairway Films,0
Cent Productions Inc.,1
Milkshake Films,1
OLC / Rights Entertainment,0
Crunk Pictures,1
Stratus Film Co.,1
Serendipity Point Films,0
State Street Pictures,1
AITD Productions,0
Allan Zeman Productions,1
Tag Entertainment,0
Sahamongkolfilm Co.,1
Industry Entertainment,1
Paramount Classics,0
IFC Films,1
Belladonna Productions,1
Crescent Drive Pictures,0
El Camino Pictures,0
Vanguard Films and Animation,1
Prime Film Productions LLC,1
Junebug Movie,1
Applause Bhansali Productions,1
Bulbul Films,1
Big Screen Entertainment Group,1
Estudios Picasso,5
Wiedemann & Berg Filmproduktion,5
DreamWorks,5
Left Turn Films,1
Red Hour Films,0
Fu Works,1
Kaltenbach Pictures,1
Chungeorahm Film,5
Everyman Pictures,5
Bull's Eye Entertainment,5
Sidney Kimmel Entertainment,5
Googly Films,0
Lionsgate,5
THINKFilm,1
Trésor Films,5
Film Finance,1
Sixteen Films,1
Fox Atomic,5
Victoires International,1
TS Productions,1
ArieScope Pictures,0
WIP,1
Carsey-Werner Company,0
Out of the Blue... Entertainment,1
The Ultimate Gift LLC,1
Film Partner International,1
4 1/2 Film,1
Electric Entertainment,0
Yari Film Group Releasing,0
No Matter Pictures,0
World Wrestling Entertainment (WWE),1
Last Holiday Productions,0
Sweet Tea Pictures LLC,1
Glen Echo Entertainment,1
Hunting Lane Films,1
C.O.R.E. Feature Animation,1
New Zealand Film Commission,1
ROMP,1
DEJ Productions,0
Bold Films,5
Millennium Films,5
Arc Productions,0
Qwerty Films,1
Big Easy Pictures,0
Film Science,1
Film Afrika Worldwide,1
Hoot Productions LLC,0
Paramount Vantage,5
Walden Media,5
Celluloid Dreams,0
Kudos Film and Television,5
Forensic Films,1
Karbo Vantas Entertainment,0
Samuels Media,5
Haishang Films,5
Solana Films,5
Apatow Productions,5
MEDIA Programme of the European Union,5
Young Hannibal Productions,1
Pierpoline Films,1
Becker Films,1
Groundswell Productions,1
Night and Day Pictures,1
4Kids Entertainment,5
GP Pictures,1
Relativity Media,5
Avi Arad & Associates,1
HanWay Films,1
Zazen Produções,1
Pathé,5
Balthazar Productions,1
Films & Casting Temple Pvt. Ltd. Sydney,1
GreeneStreet Films,1
P2 Productions,0
HDNet Films,0
Ascendant Pictures,0
2.4.7. Films,1
360 Pictures,0
Mandate Pictures,1
Mobra Films,1
Captivity Productions,0
Have No Fear Productions,5
Artfire Films,1
Gainax,1
CTB Film Company,1
Indian Paintbrush,5
2929 Productions,0
Magnolia Filmproduktion,1
A Lucky Old Sun Production,1
ATO Pictures,1
Shree Ashtavinayak Cine Vision,1
Anonymous Content,1
Rainforest Films,5
Deerjen Films,0
Iberville Productions,1
Peace Arch Entertainment Group,1
Mockingbird Pictures,1
Intermedia,0
Hammer & Tongs,1
Blue Askew,1
FortyFour Studios,5
Matten Productions,5
Voltage Pictures,5
Rollercoaster Films,1
Wild Bunch,1
Stage 6 Films,0
EFTI,1
Casey Silver Productions,5
Vertigo Films,1
Studio Ghibli,5
Mosaic,1
Abandon Entertainment,5
Shocking Bottle,0
Film4,5
Blue Sky Studios,5
Picturehouse,1
Goodspeed Productions,1
Purple Pictures,1
Beijing Film Studio,5
Overture Films,5
Number 9 Films,1
Armian Pictures,1
Lucasfilm Animation,5
Broadway Video,1
Playtone,0
Enlightenment Productions,1
Pelican Productions LLC (I),0
Fandango,1
Babylon,1
Sahamongkol Film International,1
Barunson E&A,5
Rifkin-Eberts,0
Geetha Arts,1
Warp X,1
Senator Entertainment Co,0
Pathé Renn Productions,5
Field Guide Films,1
Comme des Cinémas,1
Filmax International,0
Vivendi Entertainment,0
Yari Film Group (YFG),0
LightWave Entertainment,0
Ponty Up Pictures,0
Bridgit Folman Film Gang,1
Amuse Soft,5
Big City Pictures,1
The Tyler Perry Company,5
Ealing Studios,1
Occupant Entertainment,0
Cohen Media Group,1
Berk/Lane Entertainment,0
Louisiana Producers Film Source,1
Lago Film,0
Vinod Chopra Productions,5
Temple Hill Entertainment,5
The Halcyon Company,5
Six Entertainment,1
G-BASE,5
Pan Européenne,0
Fidélité Films,0
Boo Productions,1
Tornasol Films,1
Wayfare Entertainment,0
Yellow Bird,5
House Row Productions,1
Infinity Features Entertainment,1
Rogue,0
Ternion Pictures,1
LD Entertainment,5
Fade to Black Productions,1
Cinema Libre Studio,1
Barbarian Films,1
Mod Producciones,0
Echo Lake Entertainment,1
GK Films,5
Curmudgeon Films,5
Lleju Productions,0
Magnolia Pictures,0
Jon Shestack Productions,5
It's a Laugh Productions,5
Dreamlab,1
Blank of the Dead Productions,0
First Sun,1
MPI Media Group,0
Imagi Animation Studios,0
26 Films,1
Film i Väst,1
De Line Pictures,5
Marv Films,5
120dB Films,1
Scion Films,1
CineSon Entertainment,1
Haut et Court,1
Euforia Film,1
Oscilloscope,0
Bombshell Pictures,1
Autonomous Films,0
CinemaNX,1
Hyde Park Entertainment,0
Alameda Films,1
Universal Pictures International (UPI),1
Bronco Productions,0
Bill Kenwright Films,0
Two Prong Lesson,0
Antena 3 Films,1
Filmax,1
Protagonist Pictures,1
FilmDistrict,5
micro_scope,1
Incentive Filmed Entertainment,1
Josephson Entertainment,5
Softbank Ventures,1
Closest to the Hole Productions,5
Overnight Films,1
Porchlight Films,0
Color Force,5
Audiovisual Aval SGR,1
Bad Robot,1
Whenua Films,1
Exclusive Films,0
Reliance Big Pictures,1
CBS Films,5
River Road Entertainment,1
A Bigger Boat,1
Chromewood Productions,1
Kick the Machine,1
Cinema Service,1
Filmkameratene A/S,1
Filmax Entertainment,1
Gato Negro Films,1
Egoli Tossell Pictures,1
Realitism Films,0
Menageatroz,1
Sedic International,1
Magic Light Pictures,0
They Are Going to Kill Us Productions,1
Ruby Films,1
Sidus FNH-Benex Cinema Fund 1,1
Olympus Pictures,1
Omega Entertainment,0
Dune Entertainment III,1
Hero Entertainment,0
Cine Plus,1
10 West Studios,1
UTV Spotboy,1
Tre Vänner Produktion AB,1
Glass Eye Pix,0
Herrick Entertainment,0
Mediapro,5
The American Film Company,0
Company Films,0
Hugo Productions,1
Baby Cow Productions,1
The Last Picture Company,0
Stacey Testro International,0
Aramid Entertainment Fund,0
SBS Films,1
Annapurna Productions,0
Hydraulx,0
Quad Productions,5
Carousel Productions (II),5
Blue Haze Entertainment,1
Screen Australia,1
Asghar Farhadi Productions,1
Anchor Bay Films,0
Cottonwood Pictures,1
Camberwell / Fly Films,1
Pt. Merantau Films,1
Before The Door Pictures,1
Snoot Entertainment,1
Eros Worldwide,5
Blueprint Pictures,5
Open Road Films (II),5
Omnilab Media,0
Cliffjack Motion Pictures,0
Enticing Entertainment,1
Studio 37,5
Motlys,0
Carver Films,0
Six Entertainment Company,1
SBS Productions,0
Reprisal Films,1
Corsan,0
Artists Public Domain,1
Paper Street Films,1
Goldcrest Pictures,1
Indigo Film,5
Hurwitz Creative,5
Mandalay Vision,1
Elle Driver,1
Preferred Content,0
Skyscraper Films,1
Semtex Films,0
No Trace Camping,1
Les Films du Lendemain,1
Big Beach Films,5
EM Media,1
NVSH Productions,0
DJ Films,5
Ada Films,1
Joe's Daughter,1
Easy Company,1
Atlas Productions,0
Hermetof Pictures,1
Slot Machine,1
Process Film,1
Informant Media,1
Brio Films,1
NBC Film,1
Marvel Studios,5
Brownstone Productions (II),5
Danmarks Radio (DR),1
Mediaset España,5
Cloud Atlas Productions,1
Roth Films,5
Plan B Entertainment,1
Overbrook Entertainment,5
Iron Horse Entertainment (II),5
Rohfilm,1
Abraham Productions,1
Total Recall,5
Green Hat Films,5
A Hot Dog,1
Constantin Film International,5
Exclusive Media Group,5
Bleiberg Entertainment,0
La Petite Reine,0
Demarest Films,1
Pine District Pictures,1
Bad Cop Bad Cop Film Productions,1
IM Global,1
Double Feature Films,0
8383 Productions,1
Milk & Media,0
Enderby Entertainment,0
Alliance,1
Ghost House Pictures,5
Atlantic Pictures (II),0
Block / Hanson,0
M3 Alliance,1
Votiv Films,1
Arcade Pictures,1
Alfama Films,0
Automatik Entertainment,1
Also Known As Pictures,1
Menuet Producties,1
Class 5 Films,1
Maybach Film Productions,1
Entertainment One,5
Foresight Unlimited,0
Cinereach,1
Mandarin Films,1
Brothers K Productions,1
Gary Sanchez Productions,5
Emmett/Furla/Oasis Films (EFO Films),0
Boundscript,1
Intrepid Pictures,1
BCDF Pictures,1
Headline Pictures,1
Mott Street Pictures,1
Eclectic Pictures,0
Upside Down Films,0
Monsterfoot Productions,1
Chase Films,0
Envision Media Arts,1
Magnet Releasing,1
Zentropa International Norway,1
Lucky Monkey Pictures,0
UTV Motion Pictures,1
Steel Mill Pictures,1
Blue Yonder Films,1
Cine Mosaic,1
Bellwether Pictures,1
AdScott Pictures,1
Red Crown Productions,1
Insurge Pictures,5
Cocktail Film,0
GMT Productions,1
Dog Run Pictures,1
Red Granite Pictures,5
Translux,5
Quat'sous Films,1
Annapurna Pictures,5
SnowPiercer,1
Worldview Entertainment,0
Aggregate Films,5
Truth Entertainment (II),1
Sycamore Pictures,1
Film 44,5
Good Universe,5
Appian Way,0
Bellanova Films,1
Riddick Canada Productions,5
Bluegrass Films,1
AR Films,0
Gravier Productions,5
Faliro House Productions,1
United Channel Movies,1
Chockstone Pictures,1
Follow Through Productions,5
Space Rocket Nation,1
Andrew Lauren Productions,1
Paco Cinematografica,1
Animal Kingdom,1
Abbolita Productions,0
Callahan Filmworks,1
Prana Studios,5
The Lab of Madness,1
Alliance Films,1
Rakeysh Omprakash Mehra Pictures,1
Roadside Attractions,1
The Safran Company,0
Relevant Entertainment,1
Fickle Fish Films,1
Two Ton Films,1
Forest Whitaker's Significant Productions,1
Dickhouse Productions,5
Prettybird,1
iDeal Partners Film Fund,1
Open Road Films,5
Alcove Entertainment,1
erbp,1
Memento Films Production,1
The Collective Studios,1
Bayview Films,1
Opus Film,1
Process Media,1
See-Saw Films,1
3311 Productions,1
Sailor Bear,1
China Film Group Corporation (CFGC),5
Dune Entertainment,0
Sikhya Entertainment,1
Sanai Pictures,1
Media Pro Pictures,1
After Dark Films,0
Marvel Entertainment,5
A24,5
Aldamisa Entertainment,1
Unison Films,1
Black Bear Pictures,5
Northern Lights Films,1
Gulfstream Pictures,5
Marcy Media,5
Tonik Productions,1
Canyon Creek Films,1
Jolie Pas,5
BBL Motion Picture Studios,5
SModcast Pictures,0
Legendary Entertainment,5
Big Screen Productions,1
Kramer & Sigman Films,5
Bob Industries,1
Chernin Entertainment,5
Fewlas Entertainment,0
G4 Productions,1
1984 Private Defense Contractors,1
Beijing Skywheel Entertainment Co.,1
21 Laps Entertainment,1
Broken Road Productions,5
Les Films Séville,1
SpectreVision,0
Reel FX Creative Studios,1
Ulrich Seidl Film Produktion GmbH,1
Verisimilitude,0
New Artists Alliance,1
Scott Free Productions,0
Cargo Entertainment,1
Treehouse Pictures,1
Genre Films,5
Rajkumar Hirani Films,5
Cross Creek Pictures,5
Black Entertainment Television (BET),1
Prospero Pictures,0
Lagniappe Films,1
Film 4,1
Lutzus-Brown,1
Rustic Films,1
Codeblack Entertainment,1
Fear of God Films,1
Warner Bros. Digital Distribution,0
RADiUS-TWC,1
Four Seasons Partnership,1
Focus World,1
ASIG Productions,1
Baby Way Productions,1
Cinelou Films,0
Hopscotch Features,1
Apartment Two,1
Gail Katz Productions,0
Stoney Lake Entertainment,1
Sierra / Affinity,1
Pure Flix Productions,5
Dentsu,5
Bullwinkle Studios,5
RatPac-Dune Entertainment,5
Subzero Film Entertainment,1
Wildgaze Films,1
Plattform Produktion,1
Les Films du Fleuve,1
Backup Media,1
Armory Films,5
WhiteFlame Productions,0
Non-Stop Productions,1
Rook Films,0
Sovereign Films (II),1
Element Pictures,1
IAC Films,5
Code Red,1
LStar Capital,5
Iconoclast,0
Gilbert Films,1
Disneytoon Studios,5
Broad Green Pictures,1
BlackWhite,1
CG Cinéma,1
Altar Identity Studios,1
Double Dare You (DDY),5
Visiona Romantica,5
Parts and Labor,1
Participant,5
PalmStar Media,5
Allison Shearmur Productions,5
B24,5
Duplass Brothers Productions,0
Waverly Films,5
Blinding Edge Pictures,5
BRON Studios,5
Illumination Entertainment,5
Escape Artists,5
Gotham Group,5
Chongqing Film Group,1
Gamechanger Films,1
Blumhouse Productions,5
Black Label Media,0
Amasia Entertainment,0
Bleecker Street Films,0
Dogwood Films,1
Coup d'Etat Films,1
Sony Pictures Animation,5
Arka Mediaworks,5
Frenesy Film Company,1
Little Stranger,5
Paramount Animation,5
Fantefilm,1
Gloria Sanchez Productions,1
Caviar,1
Sony Pictures Entertainment (SPE),5
Route One Entertainment,1
Chaz Productions,1
Paris Film,1
Panorama Studios,0
Origin Pictures,1
Raindog Films,1
Depth of Field,1
Bhansali Productions,5
MWM Studios,0
Two Flints,1
Silver Reel,1
Freedom Media,0
i am OTHER,1
Nordisk Film,1
Wytwórnia Filmów Dokumentalnych i Fabularnych (WFDiF),1
Astute Films,1
Archimede,1
Mayhem Pictures,1
Buena Vista Negative Cutting,1
Covert Media,0
Bloom,0
Onyx Films,1
Cuba Pictures,1
Soapbox Films,1
Modern Man Films,1
Audax Films,0
Screen NSW,1
Allspark Pictures,0
BN Films,1
Fortis Films,0
EMA Films,1
Big Indie Pictures,1
Laokoon Filmgroup,1
Fineworks,1
FaithStep Films,5
Sparkle Roll Media,5
BFI Film Fund,1
Sixty-Six Pictures,1
Lava Bear Films,5
Electric City Entertainment,1
Amuse,5
Petit Film,1
Heyday Films,5
Next Entertainment World,5
Amazon Studios,1
BZ Entertainment,1
SharpSword Films,0
Maven Pictures,1
Pyramania,1
Piki Films,1
Fairview Entertainment,5
Keep Your Head,0
Hidden Empire Film Group (HEFG),1
Human Stew Factory,0
Nicholas Sparks Productions,1
Flashlight Films,5
Burk A Project,1
George Films,0
K5 International,1
Astrakan Films,1
Legendary East,5
STX Entertainment,5
Blue Sky Films,0
Desert Wolf Productions,1
Bunya Productions,1
Bank Street Films,1
Greater Productions,0
Anna Biller Productions,1
Panorama Films,1
Cosmo Films,1
Cine Bazar,5
Toy Fight Productions,0
Egoli Tossell KLK,1
Bow and Arrow Entertainment,0
Artists First,1
Storm Vision Entertainment,1
Mantarraya Producciones,1
2DUX²,5
AI-Film,5
Fermion Films,1
Komplizen Film,1
Bona Film Group,5
Verdi Productions,1
Jhoom Jhoom Productions,1
Cine365 Films,1
Square Visual Works Co. Ltd.,1
Fuego Films,0
ADHM Films,1
Braveart Films,1
NH Studioz,1
Wigwam Films,1
Summit Premiere,0
Forecast Pictures,0
Everything Is Everything,1
Ipso Facto Productions,1
Black Bicycle Entertainment,1
Syncopy,5
Braven Films,1
Agile Films,1
Acacia Filmed Entertainment,1
Fingerprint Releasing,1
Elara Pictures,0
"Grisbi Productions, Le",0
Brownstone Entertainment (II),5
Cre Film,1
Dayday Films,1
Aquarius Films,1
1978 Films,1
Paulilu Productions,1
Primate Pictures,1
Animal Logic,5
Czech Anglo Productions,1
Snowfort Pictures,1
B Story,0
M.E.S. Productions,1
thefyzz,5
Alloy Entertainment,1
Superlative Films,1
Imperative Entertainment,1
Awesomeness Films,1
Star Thrower Entertainment,1
Perfect World Pictures,5
BreakThru Productions,1
Los Angeles Media Fund (LAMF),0
Artbees,1
Houston King Productions,1
Cloud Eight Films,0
Double Nickel Entertainment,0
SF Studios Production AB,1
Butler Pictures,1
Destro Films,1
Macari/Edelstein,5
Cold Iron Pictures,1
Strongman,1
Ibid Filmworks,1
Diablo Entertainment (II),1
Buckeye Pictures,1
Filmgalerie 451,1
Infinity Films,1
The Lamp,5
Sumerian Films,1
Datari Turner Productions,1
Pantelion Films,5
Indiana Production,1
Disruption Entertainment,0
Salon Pictures,1
Diagonal TV,1
Huayi Brothers Media,5
Ways & Means,1
Fluidity Films,1
Les Compagnons du Cinéma,1
Chestnut Ridge Productions,0
Les Films de Pierre,1
Green Fish Pictures,1
Broken Twig Productions Inc.,1
Gran Via Productions,1
Apeitda,1
Cross City Sales,1
Dexter Studios,5
Avi Arad Productions,5
LBI Productions,0
Boies / Schiller Film Group,1
Vendian Entertainment,0
STX Films,5
Warner Bros. Pictures,5
Cave 76,1
Atomic Monster,5
Epic Level Entertainment,1
Rectangle Productions,1
Access Entertainment,5
Trademark Films,1
Goddard Textiles,0
Hunter Killer Productions,0
End Cue,1
Mooz Films,5
Huayi Brothers,5
Lucamar Productions,5
Hasbro,5
Goalpost Pictures,1
Media Rights Capital (MRC),0
Pine House Film,1
FilmNation Entertainment,0
Point Grey Pictures,5
Aviron Pictures,1
Alcatraz Films,1
Likely Story,1
AOI Promotion,5
Causeway Films,1
Huayi Brothers Pictures,5
The Ink Factory,0
Romulus Entertainment,1
Apartment Story,5
Catalyst Global Media,1
Studio 8,1
Brightlight Pictures,1
Legend3D,1
Matchbox Pictures,5
ShivHans Pictures,0
Mighty Engine,1
Beachside Films,1
Archer Gray,1
June Pictures,1
Alibaba Pictures,5
ABC Animation,1
Alacran Pictures,1
Meta Film Stockholm,1
Firsttake Entertainment,1
Hartbeat Productions,5
Proton Cinema,1
Warner Animation Group,5
Cannon and Morley Productions,1
Nordisk Film / SPRING,1
Pergamon Film,1
Big Cat Productions,1
CorradoMooncoin,1
Lyla Films,0
Conglomerate Media,1
Kevin Downes Productions,5
Item 7,1
Toei Company,5
Fabula,1
Film Capital Stockholm,1
Nordisk Film Production Sverige AB,1
BET Films,5
Bones,1
Decibel Films,5
Chris Morgan Productions,5
CalMaple,5
TSG Entertainment,5
Monkeypaw Productions,5
Skydance Media,1
Paramount Players,5
Lilies Films,1
2.0 Entertainment,5
Millennium Media,5
Blue Budgie Films Limited,0
Entertainment Studios Motion Pictures,1
"""Weathering With You"" Film Partners",5
Mimran Schur Pictures,0
Forager Films,1
Dream Factory Group,1
GoldDay,1
Amusement Park Films,1
Solution Entertainment Group,1
Savage Productions,1
Material Pictures,1
Fox STAR Studios,1
Canana Films,1
Film Poland Productions,1
Ace Maker Movie Works,1
Daniel Grodnik Productions,0
Aurora Alliance Films,0
Beijing Dengfeng International Culture Communications Company,5
Big Talk Productions,0
Nasser Group,0
Coco Cartoon,5
Ambience Entertainment,1
Yale Productions,1
Affirm Films,1
Electric Panda Entertainment,1
Roxwell Films,1
About Film,5
Symbolic Exchange,1
Ellinas Multimedia,1
MacGuffin Pictures,1
Cape of Good Films,1
Atlantic Records,0
Bake My Cake Films,1
UV Creations,1
Filmmaker R&K,5
The National Hellenic Society,1
Unplanned Movie,1
KeyEast,1
Maddock Films,1
Luv Films,1
ESX Entertainment,1
Sunrise,1
Ball & Chain Productions,1
Cat In The Mill Studio,1
Emphatic Films,0
Give Me Liberty,1
Kyta Productions,1
Premiere Picture,1
Poetic License Production,1
Protostar Pictures,1
AVA Films & Entertainment,1
Julian Marsh Pictures,1
Palomar,1
Growing Tree Productions,0
Hicktown Entertainment,0
BroadwayHD,1
Christiano Film Group,1
7DM Studios,1
Remember Films,1
Junglee Pictures,1
Ajay Devgn Ffilms,1
Visual Arts Entertainment,1
Neverending Media,1
Babieka,5
Moonlight Film,1
Novotny & Novotny Filmproduktion GmbH,1
ABS-CBN Film Productions,1
Skypass Entertainment,1
Studio NuT,1
Kolipoki Pictures,1
Aristar Entertainment,1
Cactus Blue Entertainment,1
Canyon Media,0
Metafilms,1
Clubhouse Pictures (II),5
20th Century Studios,0
Beijing Diqi Yinxiang Entertainment,5
Prowess Pictures,1
An Impulsive Production,0
Beijing Enlight Pictures,5
Pryor Entertainment,1
Notis Studio,0
Abominable Pictures,0
Dow Jazz Films,0
Embi Productions,0
PK 65 Films,0
