director,director_score
Stanley Kubrick,5
Randal Kleiser,5
Irvin Kershner,5
Jim Abrahams,5
Harold Ramis,5
Sean S. Cunningham,5
John Landis,5
Martin Scorsese,5
Richard Lester,5
Walter Hill,1
Buddy Van Horn,5
Jamie Uys,1
Robert Altman,5
Robert Redford,5
Brian De Palma,5
Jeannot Szwarc,0
Alan Parker,5
Colin Higgins,5
John Carpenter,0
Sidney Poitier,5
William Friedkin,1
Michael Cimino,0
Don Taylor,1
Robert Greenwald,1
James Bridges,1
Ken Russell,1
Ron Maxwell,0
Jerry Jameson,0
Stuart Rosenberg,1
Paul Schrader,0
Tony Bill,0
Paul Lynch,1
Hal Needham,5
Lamont Johnson,0
Jay Sandrich,1
Howard Zieff,5
Floyd Mutrux,0
Kevin Connor,1
Richard Fleischer,1
Michael Apted,5
John Hough,1
Bruce Beresford,5
Richard Rush,0
Art Linson,1
Mike Newell,5
Tommy Chong,5
Michael Ritchie,5
Ulli Lommel,0
Clive Donner,0
Moustapha Akkad,0
Woody Allen,5
Jonathan Demme,5
Nancy Walker,0
Clint Eastwood,5
Federico Fellini,1
Lang Elliott,0
James Goldstone,0
Joe Camp,1
Eric Karson,1
James L. Conway,0
Vincent McEveety,1
Joel Oliansky,1
Claudia Weill,0
Jerry Schatzberg,1
Daniel Petrie,5
Anne Bancroft,1
Vladimir Menshov,0
Piers Haggard,1
Bill Persky,1
Martin Davidson,1
Gary Weis,1
Bill Melendez,1
Marty Feldman,1
Alan Rudolph,0
Sidney Lumet,5
Charles Jarrott,1
Walter Bernstein,1
Paul Mazursky,1
Franco Rosso,1
Kieth Merrill,0
John Huston,1
Gordon Willis,1
Jack Smight,1
Paul Grimault,1
Gilbert Cates,1
Michael Pressman,5
Édouard Molinaro,1
Chuck Barris,1
Mike Nichols,5
Larry Peerce,1
Buck Henry,1
Wing-Cho Yip,0
Steven Spielberg,5
Lawrence Kasdan,5
Sam Raimi,5
Bob Clark,5
Desmond Davis,1
John Boorman,1
George Miller,5
Wolfgang Petersen,5
Ivan Reitman,5
Andrzej Zulawski,1
Michael Mann,5
Franco Zeffirelli,5
Terry Gilliam,5
Alan Alda,5
Steve Miner,5
David Cronenberg,5
John Glen,5
Rick Rosenthal,5
Harold Becker,5
Warren Beatty,5
Mark Rydell,5
Directors,5
Hugh Hudson,1
Sydney Pollack,5
John Derek,1
Steve Gordon,5
Louis Malle,0
Carl Gottlieb,1
Gary Sherman,1
Mel Brooks,1
Joe Dante,5
Matthew Robbins,1
Ivan Passer,1
Jean-Jacques Annaud,5
Graham Baker,1
Frank Perry,5
Alan Myerson,1
Bob Rafelson,0
Milos Forman,0
Wes Craven,5
Peter Yates,1
Peter Weir,5
Peter Hyams,5
Blake Edwards,1
Lucio Fulci,0
John Irvin,1
George Mihalka,1
Tobe Hooper,5
Francis Ford Coppola,5
Karel Reisz,1
Jim Henson,1
Ulu Grosbard,0
Michael Crichton,0
Bruce Malmuth,5
Burt Reynolds,1
John G. Avildsen,5
Richard Marquand,5
Michael Wadleigh,0
Mickey Rose,1
Oliver Stone,5
Jean-Jacques Beineix,1
Ken Wiederhorn,1
Peter Medak,1
Steve Rash,5
Michael Schultz,1
Joel Schumacher,5
James Ivory,1
Herb Freed,1
Ken Shapiro,1
Herbert Ross,5
Ralph Bakshi,0
William A. Fraker,0
Franklin J. Schaffner,0
Ken Hughes,1
Steve Carver,1
Luis Valdez,1
George Cukor,1
Billy Wilder,0
Oz Scott,1
Albert Brooks,1
Allan Arkush,0
Martin Ritt,1
Gus Trikonis,1
Jack Fisk,0
John Badham,5
Terence Young,0
Jean-Claude Tramont,0
Roger Spottiswoode,5
Alan J. Pakula,5
Glenn Jordan,1
John Schlesinger,1
David Steinberg,1
Noel Nosseck,0
Byron Quisenberry,0
Steven Hilliard Stern,1
Ferdinando Baldi,1
Jacques Rivette,1
Allan King,1
Amy Heckerling,5
Ridley Scott,5
John Milius,1
Ted Kotcheff,5
Taylor Hackford,5
Patricia Birch,1
Nicholas Meyer,5
Stuart Gillard,1
Boaz Davidson,1
Richard Attenborough,1
Steven Lisberger,1
Don Bluth,5
Sylvester Stallone,5
Don Coscarelli,1
George A. Romero,1
Ingmar Bergman,1
Tommy Lee Wallace,1
Juan Piquer Simón,1
Robert J. Rosenthal,1
George Roy Hill,1
Barry Levinson,5
Ron Howard,5
Jules Bass,1
Sidney J. Furie,1
Ken Finkleman,1
Richard Donner,5
Mark Rosman,5
Guy Hamilton,0
Albert Pyun,5
Michael Winner,1
Michael Miller,1
Robert Towne,0
Carl Reiner,5
Damiano Damiani,1
Costa-Gavras,1
Graeme Clifford,0
David Schmoeller,1
David S. Ward,5
Tim Hunter,1
Tom Kennedy,0
Richard T. Heffron,1
Garry Marshall,5
Richard Benjamin,5
Robert Benton,0
Charles Band,1
Arthur Hiller,5
Philippe Mora,1
Ian Sharp,0
Roger Christian,0
Tony Richardson,0
Robert Mulligan,1
Norman Jewison,5
Hal Ashby,0
Fred Schepisi,0
Jean-Claude Lord,1
Bruce Paltrow,0
John Frankenheimer,0
James Glickenhaus,1
Richard Brooks,0
Wim Wenders,0
Jerry Belson,0
James Fargo,1
Richard Loncraine,5
Caleb Deschanel,1
Delbert Mann,0
Thomas K. Avildsen,1
James Beshears,1
Don Siegel,0
Daniel Vigne,1
Elliott Hong,1
Jamaa Fanaka,1
Eric Till,1
James Burrows,1
Joe Layton,1
Lewis Teague,5
Wolf Gremm,1
Fumihiko Takayama,0
Robert Taylor,1
John Wintergate,0
Peter Duffell,0
Peter Markle,1
Paul Cox,1
Paul Brickman,5
Joe Alves,5
Robert Hiltzik,0
Adrian Lyne,5
Philip Kaufman,5
Noel Black,1
Martha Coolidge,1
James L. Brooks,5
Tony Scott,5
Stan Dragoti,5
Jim McBride,1
Richard Franklin,1
Bill Forsyth,0
Michael Chapman,0
George Bowers,1
Barbra Streisand,5
Mel Damski,1
Terry Jones,0
Andrei Tarkovsky,1
Dick Lowry,1
James Sbardellati,1
Jack Clayton,0
Bob Fosse,0
James Signorelli,1
Nagisa Ôshima,1
Curtis Hanson,5
Rafal Zielinski,1
Douglas Trumbull,0
Robert Vincent O'Neil,1
J. Lee Thompson,1
Howard Avedis,1
Andrew V. McLaglen,0
John Herzfeld,1
Paul Nicholas,1
Brian G. Hutton,1
Carroll Ballard,1
Wilford Leach,1
Clive Smith,0
Luigi Cozzi,1
Lewis Gilbert,1
Lynne Littman,1
Sam Peckinpah,0
Sam Firstenberg,1
Robert Mandel,1
Enzo G. Castellari,0
Alan Johnson,0
Nicolas Roeg,1
Antonio Margheriti,1
George P. Cosmatos,5
John Mackenzie,0
Peter Sasdy,0
Franc Roddam,1
Joseph Sargent,1
Jeff Kanew,5
Jeremy Kagan,1
John Sayles,1
Jonathan Kaplan,1
Amy Holden Jones,1
Ferdinand Fairfax,0
Michael Laughlin,1
Robert Dalva,1
William Olsen,1
Bryan Forbes,0
Marshall Brickman,0
Donald Shebib,0
James Toback,0
Michael Tuchner,0
Cirio H. Santiago,1
Robert Lieberman,1
Lawrence David Foldes,0
Dick Richards,0
Terry Bedford,1
Roland Klick,0
Richard Pryor,1
Paul Aaron,0
Charles Burnett,1
Richard Michaels,0
David Nelson,0
Mark Pirro,0
David Drury,1
Frank Zuniga,1
Tom Logan,0
James Cameron,5
David Lynch,0
Sergio Leone,0
Hugh Wilson,5
Martin Brest,5
Robert Zemeckis,5
John Hughes,5
Rob Reiner,5
Michael Radford,1
Fritz Kiersch,1
Nick Castle,5
Joel Coen,5
Neal Israel,1
Hayao Miyazaki,5
Joseph Zito,1
Mark Griffiths,1
Roger Donaldson,5
Mark L. Lester,1
Douglas Cheek,1
Gene Wilder,1
W.D. Richter,1
Leonard Nimoy,5
Alex Cox,0
Roland Joffé,0
Thom Eberhardt,1
Stanley Donen,1
Joseph Ruben,5
Stewart Raffill,0
Jim Jarmusch,5
David Lean,1
Albert Magnoli,5
Stephen Frears,5
John Guillermin,0
Frank Oz,5
Just Jaeckin,1
Joel Silberg,1
Neil Jordan,5
Luca Bercovici,0
Steve Barron,5
Charles E. Sellier Jr.,1
Hy Averback,1
James Foley,5
Richard Tuggle,5
Robert Butler,0
Stan Lathan,1
John Byrum,0
Marvin J. Chomsky,1
John C. Broderick,1
Ruggero Deodato,0
Tengiz Abuladze,0
Russell Mulcahy,5
Roger Young,1
Charles Shyer,5
William Tannen,0
Paul Bartel,0
Jim Sotos,1
Robert Boris,1
Douglas Day Stewart,1
Willard Huyck,1
Mark Buntzman,1
Dorian Walker,1
Éric Rohmer,1
Gillian Armstrong,1
Richard Pearce,1
Peter Webb,0
Marcelo Epstein,1
Thomas Rickman,1
Paolo Taviani,0
Malcolm Mowbray,0
Rob Cohen,5
Paul Bogart,1
Lawrence Dane,1
Bobby Roth,1
Bertrand Tavernier,1
Armyan Bernstein,1
Rod Amateau,1
Richard C. Sarafian,1
Lawrence Bassoff,1
Menahem Golan,0
Ken Cameron,0
Károly Makk,0
Roy Battersby,1
Adam Brooks,5
Ippei Kuri,0
Gene Taft,0
Gérard Lauzier,1
Jonathan Lynn,5
Peter Bogdanovich,1
Dan O'Bannon,1
Rod Daniel,5
Savage Steve Holland,1
Akira Kurosawa,0
Tom Holland,5
Paul Verhoeven,5
Jack Sholder,1
Tim Burton,5
Lisa Gottlieb,1
Jerry Paris,5
Ted Berman,0
Danny Steinmann,1
Andrey Konchalovskiy,1
Stuart Gordon,0
Susan Seidelman,1
Alan Metter,5
Howard Storm,1
Jackie Chan,1
Daniel Attias,1
Hector Babenco,0
Joyce Chopra,0
James Komack,1
Geoff Murphy,5
Jûzô Itami,1
William Malone,0
David Greenwalt,1
Corey Yuen,0
Simon Wincer,5
Michael Dinner,1
Kevin Reynolds,5
Rudy De Luca,1
Donna Deitch,1
Cary Medoway,1
Lasse Hallström,5
Jonathan R. Betuel,1
Linda Feferman,0
James Frawley,1
Luc Besson,5
John McTiernan,5
Bill Norton,1
Andrew Davis,5
Robert Clouse,1
Christopher Cain,1
Will Vinton,1
Mike Hodges,1
Peter Masterson,1
Lance Hool,1
Phillip Borsos,1
Luis Puenzo,0
Hal Barwood,1
Emir Kusturica,0
Steven Hahn,0
Paul Donovan,1
Arna Selznick,1
Bud Yorkin,1
Dick Clement,1
Robert Dornhelm,0
Freddie Francis,1
Gavin Millar,1
Harvey Miller,1
David Hare,1
Bernard Deyriès,1
Coline Serreau,1
Raju Patel,0
Jovan Acin,0
Stephen Gyllenhaal,0
Ray Lawrence,1
Jonathan Sanger,1
István Szabó,1
Gary Hudson,0
William Asher,1
Georges Lautner,1
Michael Pearce,1
Ettore Scola,0
Roger L. Simon,0
Sig Shore,0
Rob Nilsson,0
Cary Parker,1
Ian Mune,0
Brian Gilbert,1
Patrick Jamain,0
Mehdi Charef,0
Petru Popescu,0
Caroline Huppert,0
Peter Faiman,5
Howard Deutch,5
Mike Marvin,1
David Anspaugh,1
Lizzie Borden,1
Stephen King,0
David Seltzer,5
Tom McLoughlin,1
Edward Zwick,5
Stephen Herek,5
John McNaughton,1
Fred Dekker,0
Robert Harmon,1
Harry Winer,0
Nelson Shin,0
John Carl Buechler,1
Spike Lee,5
Brian Gibson,1
Leos Carax,0
Anthony Perkins,1
Gary Nelson,0
Masanori Hata,1
Derek Jarman,1
Randa Haines,5
Pedro Almodóvar,5
Fred Walton,1
Roman Polanski,5
Trevor Nunn,0
Claude Berri,1
Charles Martin Smith,5
Penny Marshall,5
Duncan Gibbins,0
David Byrne,1
Jimmy T. Murakami,1
Tom DeSimone,1
Paul Michael Glaser,1
Richard Wenk,1
Ted Nicolaou,1
Thomas Michael Donnelly,1
Harley Cokeliss,0
Robert M. Young,1
Peter Manoogian,1
Jerry Kramer,1
Kevin Tenney,1
Christopher Morahan,1
Prince,1
Nadia Tass,1
George Mendeluk,1
Julien Temple,0
Jeffrey Delman,1
William Fruet,0
Emilio Estevez,1
Jim Goddard,0
Director,1
David Beaird,1
Bob Swaim,1
Moshé Mizrahi,1
Denys Arcand,1
Gene Saks,0
Paul Schneider,1
Bill Sherwood,0
Daryl Duke,0
Bob Weinstein,1
Tom Moore,1
Andrew Lane,1
Michelle Manning,0
Zoran Perisic,0
Bertrand Blier,1
Simon Langton,1
Dale Schott,1
Dominic Orlando,1
Renny Harlin,5
Eugene Corr,1
Eliseo Subiela,0
Allan Burns,1
Henning Carlsen,1
Gideon Amir,1
Fred Olen Ray,0
Jerrold Freedman,0
Fons Rademakers,1
Evelyn Purcell,1
Deran Sarafian,0
Frank Harris,0
Claude Lelouch,0
Emile Ardolino,5
Chris Columbus,5
Kathryn Bigelow,5
Michael Gottlieb,1
Gary Goddard,0
Clive Barker,1
Chuck Russell,5
Bruce Robinson,0
Bernardo Bertolucci,0
Marek Kanievska,1
Joe Roth,5
William Dear,5
Michael Gornick,1
Jim Drake,1
Jimmy Huston,1
Jeffrey Bloom,1
Tom Mankiewicz,1
Danny DeVito,5
Christopher Leitch,1
David Hugh Jones,1
Tibor Takács,1
John R. Cherry III,5
Steve De Jarnatt,0
Barbet Schroeder,0
Alan Clarke,1
Peter Werner,0
Elaine May,0
Norman Mailer,0
Gabriel Axel,1
Percy Adlon,1
Phil Joanou,0
William Phelps,1
Ethan Wiley,1
David Mamet,0
Élie Chouraqui,0
Peter R. Hunt,1
Lyndall Hobbs,1
Cheech Marin,1
Bille August,0
Janice Karman,1
Tamar Simon Hoffs,1
Bruce Pittman,1
Bob Giraldi,1
Jeff Bleckner,1
John Flynn,1
Dennis Feldman,1
Pat O'Connor,5
Ben Bolt,1
David Leland,1
René Laloux,1
David Keith,1
Lindsay Anderson,1
Wayne Wang,5
Lee Harry,0
David DeCoteau,0
Tom Daley,0
Robert Collector,1
Mary Lambert,1
Paul Weiland,5
Donald Cammell,0
Robert Townsend,1
Melvin Frank,0
Bill Froehlich,1
Michael Hoffman,5
Arthur Penn,1
Charlie Loventhal,1
Abel Ferrara,0
Christine Edzard,1
John Duigan,1
Peter Greenaway,1
Phil Alden Robinson,5
Diane Kurys,1
Bigas Luna,0
Nikita Mikhalkov,1
Stephen Carpenter,0
Peter Del Monte,1
Bill Condon,5
Terry Leonard,1
Dorothy Ann Puzo,1
Paul Newman,1
Yurek Bogayevicz,1
John Cornell,5
Michael Lehmann,5
Donald Petrie,5
Katsuhiro Ôtomo,1
Giuseppe Tornatore,5
David Zucker,5
Charles Crichton,5
Newt Arnold,1
Peter MacDonald,5
John Waters,0
Ron Shelton,5
George Scribner,1
Zalman King,1
Stephen Chiodo,0
Dwight H. Little,5
Keenen Ivory Wayans,5
Stan Winston,1
Greg Beeman,1
Tony Randel,1
Dennis Hopper,1
Robert Bierman,0
Ken Annakin,0
Ramón Menéndez,1
William Lustig,1
Zelda Barron,1
Anthony Hickox,1
Kar-Wai Wong,5
Bud S. Smith,0
Francis Megahy,1
Kenneth Johnson,0
William Richert,1
Carl Schultz,1
Craig R. Baxley,1
Frank LaLoggia,0
David Green,0
Mick Garris,1
Mark Goldblatt,0
Joan Freeman,1
Paul Flaherty,1
Geneviève Robert,1
Rowdy Herrington,0
Steven Kampmann,1
Mira Nair,1
Yahoo Serious,1
Geoff Burrowes,1
Roger Vadim,1
Mike Leigh,1
Bruno Nuytten,1
Ken Kwapis,5
Catherine Breillat,1
Annabel Jankel,0
Aaron Norris,1
Jon Hess,1
Camilo Vila,1
Jim Wynorski,0
Ernest Thompson,0
Henry Winkler,1
Claire Denis,1
Andrew Fleming,1
Bernard Rose,0
James B. Harris,1
Paul Golding,0
Mike Figgis,1
Matthew Chapman,0
Gary Sinise,1
Glenn Gordon Caron,1
Joan Micklin Silver,1
David Stevens,1
Robert Englund,1
James Dearden,1
Keith Gordon,0
William Webb,0
Pen Densham,0
Janet Greek,0
Charles Sturridge,1
Martin Campbell,5
Gordon Hessler,1
Marisa Silver,0
Terence Davies,0
Daniel Goldberg,1
Christopher Crowe,0
Bill Fishman,0
Martin Donovan,0
Ron Clements,5
Joe Johnston,5
Steven Soderbergh,5
Jeremiah S. Chechik,1
Cameron Crowe,5
Eddie Murphy,1
Jim Sheridan,5
Richard Greenberg,1
Todd Holland,1
Jay Levey,1
William Shatner,1
Robert Radler,0
Phillip Noyce,5
Mark DiSalle,1
Gus Van Sant,5
Stephen Hopkins,5
Marc Rocco,1
Dominique Othenin-Girard,1
Kenneth Branagh,5
Rob Hedden,1
Michael Caton-Jones,5
Steve Kloves,1
Chris Walas,1
Joe Pytka,5
John Dahl,0
Michael Anderson,1
Uli Edel,1
Masami Hata,0
Carl Schenkel,0
Peter Bonerz,0
David Webb Peoples,1
Francis Veber,1
Thomas J. Wright,1
Larry Cohen,0
Mick Jackson,5
Jeff Burr,1
Christopher Guest,0
Bob Balaban,0
Gary David Goldberg,1
Norman René,1
John Howley,1
Euzhan Palcy,0
Dave Thomas,1
Hal Hartley,0
James Isaac,1
Mel Smith,5
Michael Herz,0
Takeshi Kitano,1
Richard Baskin,0
Jane Campion,5
Thomas Schlamme,0
Damian Harris,1
Robert Wise,1
Jim Wheat,0
Jim Kouf,1
Michael Schroeder,0
Ildikó Enyedi,0
Thierry Notz,1
Cedric Sundstrom,1
Will Mackenzie,1
Gérard Kikoïne,0
Robert Ellis Miller,0
Jeff Blyth,1
Patrice Leconte,1
John D. Hancock,1
Howard Brookner,0
Lee Grant,1
Michael A. Simpson,0
David Odell,1
Patrick Sheane Duncan,0
Nancy Savoca,1
Joel Zwick,5
Michael Fischa,1
Jerry Zucker,5
Kevin Costner,5
Ron Underwood,1
Volker Schlöndorff,1
Frank Marshall,5
Harry Hook,1
John Lafia,1
John Patrick Shanley,1
Richard Linklater,5
William Peter Blatty,1
Jack Nicholson,0
Sheldon Lettich,1
Dennis Dugan,5
Hendel Butoy,0
Reginald Hudlin,5
Tom Savini,1
Allan Moyle,1
Frank Henenlotter,0
Sally Mattison,1
Luis Mandoki,5
Abbas Kiarostami,1
Howard Franklin,0
Richard Stanley,1
James Orr,1
Andrew Bergman,5
Ralph S. Singleton,1
Tom Stoppard,1
John Harrison,1
Whit Stillman,1
Agnieszka Holland,1
Jean-Paul Rappeneau,1
Anthony Minghella,5
Bob Hathcock,1
Joseph Barbera,1
Bob Logan,1
George Armitage,0
Peter Israelson,0
Robert Resnikoff,1
Yimou Zhang,5
Martin Sheen,0
Adam Simon,1
Tom Ropelewski,0
Dario Argento,0
Jan Egleson,0
Roger Corman,0
Franco Amurri,1
Richard Correll,1
Robert Shaye,1
Ken Loach,5
Patrick Read Johnson,0
James Bond III,1
James D. Parriott,1
Yves Robert,1
Katt Shea,0
John Erman,1
Greydon Clark,1
Gregg Champion,0
Kristine Peterson,1
Jon Amiel,5
Sondra Locke,0
Christian Vincent,0
Haruki Kadokawa,0
Bernt Amadeus Capra,1
Michael Verhoeven,1
Guy Maddin,0
John Singleton,5
Bryan Gordon,1
Barry Sonnenfeld,5
Alfonso Cuarón,5
Gary Trousdale,5
Jon Avnet,5
Peter Hewitt,5
Michael Mak,0
William A. Graham,0
Ate de Jong,1
Dan Aykroyd,0
Krzysztof Kieslowski,1
Mario Van Peebles,5
Daniel Petrie Jr.,1
Marc Caro,0
Jack Bender,1
Rachel Talalay,0
Brian Levant,5
Lili Fini Zanuck,0
Isao Takahata,1
Sean Penn,1
Phil Nibbelink,1
Stephen Poliakoff,1
Michael Tolkin,1
David Kellogg,1
Burt Kennedy,1
Mark Herrier,1
Michael Karbelnikoff,0
Terry Hughes,1
Peter Chelsom,5
Jodie Foster,5
Bobcat Goldthwait,0
Lars von Trier,1
Tom DiCillo,1
Jonathan Wacks,0
Jerry Rees,0
Todd Haynes,1
Gabriele Salvatores,1
George Jackson,1
Simon Moore,0
József Gémes,0
Atom Egoyan,0
Maurice Phillips,0
Sylvio Tabet,0
Bill Duke,1
Jocelyn Moorhouse,1
James Lapine,1
Irwin Winkler,1
Frank De Felitta,1
Alain Corneau,1
Eric Red,0
Heywood Gould,1
Kevin Hooks,1
Mark Joffe,1
George Gallo,0
Jeffrey Hornaday,1
Julie Dash,1
Mary Agnes Donoghue,1
Claude Chabrol,1
Michael Lindsay-Hogg,1
Radha Bharadwaj,0
Avi Nesher,0
Michael Bortman,1
Rodman Flender,0
Maurice Pialat,1
Vicente Aranda,1
Roberto Benigni,5
Quentin Tarantino,5
David Fincher,5
Penelope Spheeris,5
Roland Emmerich,5
Fran Rubel Kuzui,1
Kenny Ortega,5
Peter Jackson,5
Brett Leonard,0
Les Mayfield,5
Edward James Olmos,0
Robert Rodriguez,5
Bill Kroyer,1
Ernest R. Dickerson,1
Rémy Belvaux,1
Jon Turteltaub,5
David Price,1
Baz Luhrmann,5
Sally Potter,1
Tony Maylam,0
Phil Roman,0
Geoffrey Wright,1
Manny Coto,1
Carl Franklin,1
Eugene Levy,0
Stanley Tong,5
Bruce W. Smith,1
Alfonso Arau,1
Randall Miller,1
Régis Wargnier,1
Bruce A. Evans,1
Dale Launer,1
Stephen Milburn Anderson,0
Brian Henson,1
Claude Sautet,1
Ryû Murakami,1
Clarence Fok,0
Chris Menges,0
Fernando Trueba,1
Tom Kalin,0
Tim Robbins,0
Darrell Roodt,1
Roeland Kerbosch,0
Alexandre Rockwell,1
Craig Bolotin,1
Allison Anders,1
Martin Bell,0
Arnaud Desplechin,0
Nicole Conn,0
Arne Glimcher,1
Gillies MacKinnon,0
Barnet Kellman,1
Ming-liang Tsai,1
Billy Crystal,1
Ringo Lam,0
Gregg Araki,1
Tamra Davis,5
Jean-Claude Lauzon,1
Anthony Drazan,0
Djibril Diop Mambéty,1
Nick Gomez,0
Shin'ya Tsukamoto,0
Andy Wolk,1
Mark Frost,1
Arthur Allan Seidelman,0
Vincent Ward,0
Neal Jimenez,0
Nora Ephron,5
Barry Primus,1
Charlie Peters,1
Mark Herman,1
Colin Nutley,1
Hark Tsui,0
Jacques Dorfmann,1
David Mickey Evans,5
Robert De Niro,0
Marco Brambilla,0
Henry Selick,5
Daniel Stern,1
Albert Hughes,5
Duwayne Dunham,1
John Woo,5
Dominic Sena,5
Alan Shapiro,1
Gene Quintano,1
Mark Jones,1
Brian Yuzna,0
Steven Zaillian,0
Adam Marcus,1
Roger Avary,1
Guillermo del Toro,5
Stephen Surjik,1
Jennifer Lynch,0
Joseph Vilsmaier,1
Rob Bowman,5
George Sluizer,1
Andrew Birkin,1
Tom Stern,0
Thomas Carter,5
Fraser C. Heston,1
Victor Nunez,1
Mel Gibson,5
Kaige Chen,1
Luis Llosa,5
Robert Klane,1
Jean-Marie Poiré,0
Stephen Sommers,5
Nicholas Kazan,1
Bruce Joel Rubin,1
John Whitesell,5
Mike Binder,1
Charles Grosvenor,0
Richard Williams,0
Anh Hung Tran,1
Woo-Ping Yuen,1
Sang-ok Shin,1
Christopher Coppola,0
Mikael Salomon,0
Ang Lee,5
Patrick Hasburgh,0
Scott McGehee,1
Jay Craven,1
Leon Ichaso,1
Nanni Moretti,1
Marshall Herskovitz,1
Daniel Algrant,1
Kirk Wong,1
Michael Steinberg,0
Michael Lessac,1
Gurinder Chadha,5
Sam Shepard,1
E. Max Frye,1
Robert Young,1
Yves Simoneau,0
Stephen Cornwell,0
Rusty Cundieff,1
Billy Weber,0
John Madden,5
Warren Leight,0
Frank Darabont,5
Roger Allers,5
Jan de Bont,5
Peter Farrelly,5
Alex Proyas,5
Tom Shadyac,5
Steven E. de Souza,5
Sam Weisman,5
Kevin Smith,5
Jonathan Prince,1
Stephan Elliott,1
David Carson,5
Ben Stiller,5
Peter Segal,5
Kim Henkel,0
P.J. Hogan,5
Rupert Wainwright,5
Lee Tamahori,5
John Pasquin,5
Pixote Hunt,0
Danny Boyle,5
Jeremy Leven,1
James Yukich,0
Hart Bochner,1
Nicholas Hytner,0
Betty Kaplan,1
Jeff Pollack,1
Alek Keshishian,1
Andrew Scheinman,1
Steven Seagal,0
Patrice Chéreau,1
David O. Russell,5
Chia-Liang Liu,1
Nancy Meckler,1
Richard Rich,0
Adam Rifkin,0
Jefery Levy,1
Doug McHenry,1
Andrew Morahan,0
Michele Soavi,0
Stephen Norrington,5
Adam Resnick,0
Caroline Thompson,1
Charles Haid,1
Allan A. Goldstein,0
Jessie Nelson,5
Ted Demme,1
Charles T. Kanganis,0
Adam Bernstein,1
John Bailey,0
James Gray,1
Boaz Yakin,5
Stuart Orme,1
Iain Softley,5
Eric Meza,1
Rory Kelly,1
Michael Austin,1
George Huang,0
Gary Jones,0
Tia Brelis,1
Gérard Corbiau,1
Antonia Bird,1
Milcho Manchevski,0
John Roberts,1
Geoff Burton,1
Matty Rich,1
Xavier Koller,0
Kelly Reichardt,1
Bryan Singer,5
Larry Clark,1
John Lasseter,5
Paul W.S. Anderson,5
F. Gary Gray,5
Scott Kalvert,0
Michael Bay,5
Bryan Spicer,1
Mathieu Kassovitz,5
Brad Silberling,5
Beeban Kidron,5
Steven Brill,5
Lesli Linka Glatter,1
Mike Gabriel,5
Kevin Lima,5
John N. Smith,5
Mamoru Oshii,1
Chris Noonan,5
Betty Thomas,5
Robert Longo,0
Danny Cannon,1
Victor Salva,5
Gregory Widen,1
Steve Oedekerk,5
Holly Goldberg Sloan,1
Joe Chappelle,1
Andy Tennant,5
Melanie Mayron,1
Forest Whitaker,5
Todd Solondz,1
Noah Baumbach,1
Patricia Rozema,1
Simon Wells,5
Andrew Sipes,0
Kelly Makin,0
Gary Fleder,5
Michael Moore,0
Christian Duguay,0
Álex de la Iglesia,0
Oliver Parker,5
Kevin James Dobson,1
James Mangold,5
Philip Haas,0
Peter Horton,1
J.F. Lawton,0
Michelangelo Antonioni,1
Gregory Nava,1
Edward Burns,1
Stacy Title,1
Tab Murphy,1
Christopher Monger,0
Tim Sullivan,1
Paul Auster,0
Christopher Ashley,1
Daisy von Scherler Mayer,1
Carlo Carlei,0
Desmond Nakano,0
Peter Hall,1
Maria Maggenti,1
John Fortenberry,1
Theodoros Angelopoulos,1
Benoît Jacquot,1
Rick Stevenson,1
David Frankel,5
Marleen Gorris,1
Clare Peploe,1
Preston A. Whitmore II,0
Gregory Hoblit,5
Wes Anderson,5
Lana Wachowski,5
Billy Bob Thornton,0
Tom Hanks,5
Bobby Farrelly,5
Jonathan Frakes,5
Doug Liman,5
Paris Barclay,1
Paul Thomas Anderson,5
Campbell Scott,1
Stuart Baird,5
Jason Bloom,0
Douglas McGrath,0
Nicolas Winding Refn,5
David Twohy,5
David Hogan,0
Steve Buscemi,0
Matthew Bright,0
Scott Hicks,5
Bronwen Hughes,1
Gilbert Adler,0
Rick Friedberg,1
Jerry Zaks,0
Arlene Sanford,0
Tim Pope,1
Julian Schnabel,1
Jean-Claude Van Damme,1
Lisa Krueger,0
Hettie Macdonald,1
Michael Winterbottom,0
Larry Bishop,0
Olivier Assayas,1
Annette Haywood-Carter,1
John Gray,0
David R. Ellis,5
John Payson,0
Eric Schaeffer,0
Greg Mottola,5
Alexander Payne,5
Susan Streitfeld,1
Martin Lawrence,1
Lynne Stopkewich,1
Dan Ireland,0
Michael Goldenberg,1
Matt Reeves,5
Farhad Mann,0
Reb Braddock,0
Steven Baigelman,1
Mary Harron,1
Larry Leker,1
Robert Harling,1
Jim Wilson,1
Bill Bennett,1
Dale Rosenbloom,1
Matthew Broderick,1
Alan Mehrez,1
Doug Ellin,1
Tom DeCerchio,1
Bill Couturié,0
Jay Roach,5
Simon West,5
Raja Gosnell,5
Andrew Niccol,5
Jim Gillespie,5
Jean-Pierre Jeunet,5
Vincenzo Natali,0
Brian Robbins,5
Satoshi Kon,1
Peter Cattaneo,5
Mark A.Z. Dippé,1
David Mirkin,5
Harmony Korine,1
Jonathan Mostow,5
Stephen Kessler,1
John R. Leonetti,5
Bob Spiers,1
Mimi Leder,5
Jill Sprecher,1
Lance Young,1
Gore Verbinski,5
Alejandro Amenábar,5
Trey Parker,5
George Tillman Jr.,5
Majid Majidi,1
Anthony Waller,1
Robert Kurtzman,1
Brett Ratner,5
Jeb Stuart,0
Kasi Lemmons,1
Kiyoshi Kurosawa,1
Félix Enríquez Alcalá,0
Don Roos,1
Rob Sitch,1
Shuki Levy,1
Griffin Dunne,1
Theodore Witcher,1
David Evans,1
Peter O'Fallon,0
Sean Mathias,1
Erik Skjoldbjærg,1
Ole Bornedal,5
Mark Pavia,0
John Nicolella,0
Paul Miller,0
Ronny Yu,5
Vondie Curtis-Hall,0
Robert Duvall,1
James F. Robinson,1
Sammo Kam-Bo Hung,1
Steve James,0
Mark Dindal,5
Sam Pillsbury,1
Thomas Jahn,1
Mark Waters,5
Nick Cassavetes,5
Kevin Allen,0
Andy Cadiff,0
Mark Pellington,1
Bob Koherr,1
Stephen Kay,0
Tom Schulman,1
William Nicholson,1
Michael Davis,0
Andy Wilson,0
Neil LaBute,1
Robert Downey Sr.,1
Lionel C. Martin,1
John Patrick Kelley,1
Tony Kaye,1
Guy Ritchie,5
Nancy Meyers,5
Frank Coraci,5
Tony Bancroft,5
Terrence Malick,5
Gary Ross,5
Harry Elfont,0
Brenda Chapman,5
Randall Wallace,5
Thomas Vinterberg,1
Jamie Blanks,5
Darren Aronofsky,5
Shekhar Kapur,5
Mark Christopher,1
Peter Howitt,5
Vincent Gallo,0
David Nutter,1
Tom Tykwer,5
Eric Darnell,5
Christopher Nolan,5
Gaspar Noé,0
Karan Johar,5
Lance Mungia,0
Cédric Kahn,0
James Merendino,1
Antoine Fuqua,5
Gérard Pirès,0
Bob Saget,0
Peter Berg,5
François Girard,0
Kunihiko Yuyama,5
Hype Williams,1
Kirk Jones,5
Frederik Du Chau,5
Lukas Moodysson,1
Sarah Kernochan,1
Pat Proft,1
Mark Steven Johnson,5
Skip Woods,1
Troy Miller,0
Jonathan Darby,0
Kevin Rodney Sullivan,5
John Warren,0
Lisa Cholodenko,1
Willard Carroll,0
Igor Kovalyov,5
Ice Cube,1
Alan Cohn,1
Walter Salles,5
M. Night Shyamalan,5
Chris Eyre,1
Sean McNamara,1
Julio Medem,1
Dean Semler,0
Tamara Jenkins,1
John Pieplow,0
Hirokazu Koreeda,5
Steve Gomer,0
David Veloz,1
Steve Boyum,0
Predrag Antonijevic,0
Hirotsugu Kawasaki,1
David Dobkin,5
David Moreton,1
Neil Abramson,0
Paul McGuigan,1
Larry David,1
Nicole Garcia,1
Rodney Gibbons,1
Jake Kasdan,5
Tony Cinciripini,0
Dean Parisot,5
Joe Gayton,0
Paul Weitz,5
Sam Mendes,5
George Lucas,5
Gil Junger,1
Mike Judge,1
Roger Michell,5
Roger Kumble,5
Daniel Myrick,5
Sofia Coppola,5
Rob Minkoff,5
Troy Duffy,0
Robert Iscove,5
Chris Buck,5
Spike Jonze,1
Brad Bird,5
Kinka Usher,0
Mike Mitchell,5
Michael Patrick Jann,0
Kimberly Peirce,1
Jamie Babbit,1
Darren Stein,0
Tony Goldwyn,1
Brian Helgeland,5
Lynne Ramsay,1
David Koepp,5
Kevin Williamson,0
Josef Rusnak,1
John Schultz,5
Justin Kerrigan,1
John Bruno,0
Bruce McCulloch,0
Malcolm D. Lee,5
Tim Roth,1
Julie Taymor,1
Anne Wheeler,1
Michael Cristofer,0
Mic Rodgers,0
Bruno Dumont,1
Risa Bramon Garcia,1
Claude Zidi,1
Rand Ravich,0
Tim Hill,5
Rick Famuyiwa,1
Jeff Franklin,0
Gary Halvorson,0
Michael Corrente,1
Mark Tarlov,0
Takao Okawara,0
Damien O'Donnell,1
Michael Haigney,5
Louis Morneau,1
Colette Burson,1
Damon Santostefano,0
Martha Fiennes,0
Hiroyuki Okiura,1
Chris Roberts,0
Peter Ho-Sun Chan,1
Gary Sinyor,0
Michael Rymer,1
Antonio Banderas,0
Rolf Schübel,1
Scott Silver,0
Mike Barker,0
Peter Kassovitz,0
Jake Scott,1
Jean-Pierre Dardenne,1
Jim Fall,1
Shane Meadows,1
Frédéric Fonteyne,1
Max Färberböck,1
Scott Elliott,1
Hampton Fancher,1
Lloyd Kaufman,0
Alison Maclean,0
Mark Illsley,0
Frank Whaley,1
David McNally,5
McG,5
Todd Phillips,5
Peyton Reed,5
Peter Lord,5
Tarsem Singh,5
James Wong,5
Jonathan Glazer,1
Danny Leiner,5
John Fawcett,0
Stephen Daldry,5
Alejandro G. Iñárritu,5
Bibo Bergeron,5
Asia Argento,1
Eric Leighton,5
Steve Carr,5
Ben Younger,5
Matt Williams,1
Gina Prince-Bythewood,1
Tom Dey,5
Virginie Despentes,1
Patrick Lussier,5
Antony Hoffman,0
Courtney Solomon,0
Chris Koch,1
Joe Charbanic,1
Andrzej Bartkowiak,5
Andrew Dominik,1
Edward Norton,1
Joe Berlinger,1
Kenneth Lonergan,5
Diane Keaton,0
Edward Yang,1
Kris Isacsson,1
Christopher McQuarrie,5
Des McAnuff,0
E. Elias Merhige,1
Britt Allcroft,1
Bonnie Hunt,1
David Raynr,0
Miguel Arteta,5
Joan Chen,1
Ed Harris,1
Vic Sarin,1
Valerie Breiman,1
Robert Lee King,0
Nigel Cole,5
Michael Almereyda,1
Kim Ki-duk,1
François Ozon,5
Joel Hershman,1
Douglas Aarniokoski,0
John Ottman,1
Fina Torres,1
Jack Fletcher,1
Béla Tarr,1
Rod Lurie,0
Fabián Bielinsky,1
Greg Berlanti,5
Karyn Kusama,1
Bill Eagles,1
Davis Guggenheim,0
Jay Russell,5
João Pedro Rodrigues,1
Kamal Haasan,1
Stig Bergqvist,5
Michael Haneke,1
Denis Villeneuve,5
Gérard Krawczyk,5
Roy Andersson,1
Silvio Soldini,1
Dominic Anciano,1
Sally Field,0
Mark Piznarski,0
Jun Falkenstein,5
Craig Mazin,1
Janusz Kaminski,0
Rakesh Roshan,0
Del Shores,1
Samantha Lang,1
Ye Lou,0
Chuck Parello,0
Eric Blakeney,0
Thomas Bezucha,5
Robert Luketic,5
Pete Docter,5
Richard Kelly,0
Joel Gallen,5
Andrew Adamson,5
Terry Zwigoff,5
Jay Chandrasekhar,5
Steve Beck,5
Dennie Gordon,1
Michael Tollin,1
David Wain,5
Marc Forster,5
John Moore,5
Sharon Maguire,5
J.B. Rogers,5
Bill Paxton,0
Luke Greenfield,5
Jesse Dylan,5
Demian Lichtenstein,0
Christophe Gans,5
Daniel Sackheim,0
Adam Shankman,5
Brad Anderson,1
Brendan Malloy,0
John Cameron Mitchell,1
Tom Green,1
Takashi Miike,1
Gregory Poirier,1
Todd Field,1
Louis C.K.,0
Blair Hayes,0
Stephen Chow,5
John A. Davis,5
Tommy O'Haver,0
Éva Gárdos,1
Jordan Melamed,1
Ashutosh Gowariker,1
Hironobu Sakaguchi,0
Léa Pool,1
Francine McDougall,0
Lawrence Guterman,5
Chris Nahon,1
Henry Bean,0
Farhan Akhtar,1
Barry Skolnick,1
Oliver Hirschbiegel,5
Richard Eyre,1
Caroline Link,1
John Stockwell,1
Danis Tanovic,1
Gregor Jordan,0
Alan Cumming,1
Paddy Breathnach,1
Tim Blake Nelson,1
Jez Butterworth,1
Michel Gondry,5
Jon Favreau,5
Harald Zwart,5
Charles Herman-Wurmfeld,5
Brian Koppelman,1
Michael Cuesta,1
DJ Pooh,1
Chris Weitz,5
Mark Brown,1
Rintaro,0
Billy Morrissette,1
Maria Ripoll,1
Nicole Holofcener,1
Lucrecia Martel,1
Rob Pritts,1
Jacques Audiard,1
Chuck Sheetz,1
Mitch Davis,0
David Atkins,0
Fernando Meirelles,5
Steven Shainberg,0
Tom Brady,1
Chris Wedge,5
Dean DeBlois,5
Rob Marshall,5
Kurt Wimmer,0
Louis Leterrier,5
Walt Becker,5
Kelly Asbury,5
George Clooney,5
Ellory Elkayem,1
Mark Romanek,1
Eli Roth,5
Jean-Claude Brisseau,1
Ed Decter,1
Sanjay Leela Bhansali,5
Andrew Lau,5
Denzel Washington,5
Jonas Åkerlund,0
Park Chan-Wook,5
Marc Lawrence,5
Justin Lin,5
Shawn Levy,5
Perry Andelin Blake,1
Charles Stone III,5
Marcus Raboy,1
John Lee Hancock,5
Alain Chabat,5
Lucky McKee,0
Jesse Vaughan,0
Callie Khouri,5
Kevin Donovan,1
John Polson,5
Burr Steers,5
Peter Kosminsky,1
D.J. Caruso,5
Takashi Shimizu,5
Tim Story,5
Niki Caro,5
Joe Carnahan,5
Mort Nathan,0
Peter Mullan,1
Michael Lembeck,5
Dewey Nicks,0
Wallace Wolodarsky,1
Peter Hastings,0
Kevin Bray,1
Stephen Gaghan,5
Cédric Klapisch,1
Anthony Abrams,1
Robin Budd,5
Aleksandr Sokurov,1
Mars Callahan,0
Jaume Balagueró,1
Bob Dolman,1
Cathy Malkasian,1
Paul Greengrass,5
Seth Kearsley,0
Don Michael Paul,1
Susanne Bier,0
Wych Kaosayananda,0
Patricia Cardoso,1
John Stainton,1
Austin Chick,1
Nicolas Cage,1
Richard Curtis,5
Len Wiseman,5
Bong Joon Ho,5
Andrew Stanton,5
Catherine Hardwicke,5
Rob Schmidt,1
Patty Jenkins,5
Tommy Wiseau,0
Marcus Nispel,5
Clark Johnson,5
Rob Zombie,5
Tim McCanlies,1
Chris Kentis,5
Peter Webber,5
Bo Welch,1
Aaron Blaise,5
Audrey Wells,1
Alexandre Aja,5
Jonathan Liebesman,5
Bille Woodruff,5
James Cox,0
Patrick Gilmore,1
Uwe Boll,0
Vadim Perelman,0
Tom McCarthy,5
Wolfgang Becker,5
Casey La Scala,0
Prachya Pinkaew,1
Billy Ray,5
Wayne Kramer,0
Nikkhil Advani,1
Bruno Barreto,0
Andrey Zvyagintsev,1
David Mackenzie,1
Mikael Håfström,5
Sylvain Chomet,1
Je-yong Lee,1
David Hillenbrand,1
Stephen Fry,1
Yann Samuell,1
Paul Hunter,0
Reggie Rock Bythewood,0
Anders Thomas Jensen,1
Gordon Chan,0
Shari Springer Berman,1
Fenton Bailey,0
Glen Morgan,1
Troy Byer,1
Marco Tullio Giordana,1
C. Jay Cox,1
Linda Mendoza,1
Tim Fywell,1
Todd Graff,1
Steve Trenbirth,5
John Crowley,1
David Gordon Green,5
Richard Kwietniowski,0
Chris Rock,1
Peter Hedges,5
Anne Fontaine,1
Damian Nieman,0
Christine Jeffs,1
John Eng,1
Andrew Black,1
Ryan Little,1
Isabel Coixet,1
John Hoffman,1
Matthew Ryan Hoge,1
Clare Kilner,1
Larry Charles,5
Nimród Antal,5
Jeff Schaffer,0
Rawson Marshall Thurber,5
James Wan,5
Jonathan Hensleigh,1
Edgar Wright,5
Pawel Pawlikowski,1
Eric Bress,5
Matthew Vaughn,5
Jared Hess,5
Gary Winick,5
Paul Haggis,5
Zack Snyder,5
Alexander Witt,5
Adam McKay,5
David S. Goyer,5
Shane Carruth,1
John Hamburg,5
Cate Shortland,1
Stephen Hillenburg,5
Ethan Coen,5
Terry George,1
Zach Braff,5
Pitof,0
Don Mancini,1
Joseph Kahn,1
Joe Nussbaum,0
Gavin O'Connor,5
Sara Sugarman,1
Kerry Conran,0
Omar Naim,1
Pierre Morel,5
Brian Dannelly,1
Shainee Gabel,1
Jacob Estes,1
Guy Ferland,1
Angela Robinson,5
Jessy Terrero,0
Tod Williams,5
Anurag Kashyap,1
Christopher Erskin,1
Christophe Barratier,5
Nicole Kassell,1
Fruit Chan,1
Will Finn,1
Timur Bekmambetov,5
Laurence Dunmore,1
Christophe Honoré,1
Chris Stokes,1
Kevin Spacey,0
Charles Dance,1
Michael Clancy,0
Dennis Gansel,5
Alice Wu,1
Yash Chopra,0
Nick Hurran,0
Joshua Marston,1
Michael Dowse,1
Bart Freundlich,1
Farah Khan,1
Je-kyu Kang,5
Ziad Doueiri,1
Masaaki Yuasa,1
Kay Pollak,1
Sanjay Gadhvi,1
Robert C. Ramirez,1
Marco Kreuzpaintner,1
Judd Apatow,5
Joe Wright,5
Neil Marshall,1
Frank Miller,5
James McTeigue,5
Francis Lawrence,5
Garth Jennings,5
Lexi Alexander,0
Joss Whedon,5
Rob McKittrick,1
Jean-François Richet,1
David Slade,5
Jaume Collet-Serra,5
Shane Black,5
Dave McKean,0
Darren Lynn Bousman,5
Robert Schwentke,5
Andrew Douglas,5
Breck Eisner,5
Rian Johnson,5
Greg McLean,1
Scott Derrickson,5
Susan Stroman,0
Barry W. Blaustein,1
Bruce Hunt,1
Ol Parker,5
Bennett Miller,5
Hideo Nakata,5
Hunter Richards,1
Mike Bigelow,1
David Ayer,5
Darren Grant,1
Steve Box,5
John Maybury,0
Jason Reitman,5
Julian Jarrold,1
John Turturro,1
Florent-Emilio Siri,1
Cory Edwards,5
Tommy Lee Jones,0
John Gulager,1
Jeff Wadlow,5
John Hillcoat,1
Craig Brewer,5
Richard Shepard,0
Rebecca Miller,0
Geoffrey Sax,5
Niall Johnson,1
Miranda July,1
Duncan Tucker,1
Andy Garcia,0
Arie Posin,0
Gary Chapman,1
Phil Morrison,1
Carlos Reygadas,1
Mark Levin,1
John Gatins,1
Bent Hamer,1
Sturla Gunnarsson,1
Christian Carion,1
John Asher,1
Liev Schreiber,0
Mike Mills,1
Andy Fickman,5
Gabriele Muccino,5
Jonathan Dayton,5
Kevin Macdonald,5
Florian Henckel von Donnersmarck,5
J.J. Abrams,5
Steve Pink,1
James Gunn,5
Sean Ellis,1
Nicholaus Goossen,1
Liam Lynch,0
Jessica Bendinger,1
Anne Fletcher,5
Mark Neveldine,5
Neil Burger,5
Tim Johnson,5
Elizabeth Allen Rosenbaum,1
Stefen Fangmeier,5
Gil Kenan,5
Greg Coolidge,1
David Bowers,5
Werner Herzog,0
Susannah Grant,0
Guillaume Canet,5
Alejandro Agresti,5
Neil Armfield,1
Mark Palansky,1
Carlos Saldanha,5
William Brent Bell,5
David Von Ancken,0
Ericson Core,1
Adam Green,1
Tyler Perry,5
John Bonito,1
John Curran,1
Bob Odenkirk,0
George Hickenlooper,0
Doug Atchison,1
Michael O. Sajbel,1
Joachim Trier,0
Aaron Seltzer,5
Anthony Russo,5
Matthew O'Callaghan,1
Gorô Miyazaki,5
Michael Mayer,1
James Gartner,1
Goran Dukic,0
Gregory Dark,1
Allen Coulter,1
Michel Hazanavicius,5
Chris Robinson,1
Scott Glosserman,1
Ryan Fleck,1
Steve 'Spaz' Williams,1
Jonathan King,1
Liz Friedlander,1
Rakeysh Omprakash Mehra,1
Jim Sonzero,1
Jody Hill,1
Michael Polish,0
Tom Vaughan,5
Nick Guthe,0
Todd Robinson,0
Dito Montiel,1
Colin Brady,0
Christopher Smith,1
Katherine Brooks,0
Nicholas Mastandrea,1
Wil Shriner,0
Ben Affleck,5
David Yates,5
Juan Carlos Fresnadillo,1
Xavier Gens,5
Akiva Schaffer,1
Gabor Csupo,5
Josh Gordon,5
Ash Brannon,1
Joby Harold,1
Simon J. Smith,5
Colin Strause,5
Chris Miller,5
Mark Helfrich,1
David Ross,1
Nacho Vigalondo,0
Jason Friedberg,5
Stephen J. Anderson,1
Tony Gilroy,5
Oren Peli,5
Richard LaGravenese,5
Craig Gillespie,1
J.A. Bayona,5
Mennan Yapo,5
David Silverman,5
Mitchell Lichtenstein,1
Aamir Khan,1
Steve Bendelack,5
Scott Wiper,1
Kirsten Sheridan,1
Robert Ben Garant,5
Anton Corbijn,5
Scott Frank,1
Olivier Dahan,5
John Carney,5
Philip G. Atwell,1
Adrienne Shelly,1
David L. Cunningham,0
Kevin Munroe,5
Martin Weisz,1
Jonah Markowitz,1
Dave Meyers,1
José Padilha,5
Danny Pang,1
Céline Sciamma,1
Franck Khalfoun,1
Vincent Paronnaud,1
John August,1
Chris Sivertson,0
Zach Helm,1
Sebastian Gutierrez,1
Thor Freudenthal,5
Cristian Mungiu,1
Daniel Waters,0
Jon Poll,0
Doug Lefler,0
Masayuki,1
Sergei Bodrov,1
Taika Waititi,5
Alan Ball,1
Stefan Ruzowitzky,1
Jeff Nichols,1
Jonathan Kasdan,1
George Ratliff,1
Imtiaz Ali,1
Gavin Hood,5
Michael Katleman,1
Bernie Goldmann,1
Sylvain White,5
Deborah Kampmeier,0
J.P. Schaefer,1
Robin Swicord,1
Mark Osborne,5
Phyllida Lloyd,5
Bryan Bertino,5
Nicholas Stoller,5
Martin McDonagh,5
Michael Patrick King,5
Fred Wolf,1
Saul Dibb,1
James Watkins,5
Carter Smith,1
Justin Chadwick,1
Eric Brevig,5
Ric Roman Waugh,5
Byron Howard,5
Sean Anders,5
Tomas Alfredson,5
Nick Moore,1
Charlie Kaufman,0
Peter Sollett,1
Jon M. Chu,5
Kent Alterman,0
Howard McCain,0
David Hackl,5
Bharat Nalluri,1
Steve McQueen,5
Jimmy Hayward,5
Diane English,1
Clark Gregg,1
Ryûhei Kitamura,0
Pete Travis,5
Tom Putnam,1
Robert B. Weide,0
Olivier Megaton,5
Nelson McCormick,1
Dave Filoni,5
Jon Hurwitz,5
Michael McCullers,1
Jennifer Flackett,5
John Erick Dowdle,5
George C. Wolfe,5
Seth Gordon,5
Sanaa Hamri,1
Shamim Sarif,1
Matteo Garrone,1
Jee-woon Kim,1
Rodrigo García,0
Masayuki Ochiai,1
Marcel Langenegger,0
A.R. Murugadoss,1
Olly Blackburn,1
David Moreau,1
Marco Schnabel,0
Chris Carter,1
Frédéric Forestier,5
Eric Valette,1
Alex Kendrick,5
Jeffrey Nachmanoff,0
Darnell Martin,0
Bruce McDonald,0
Ari Folman,1
Yôjirô Takita,5
Guillermo Arriaga,0
Sam Fell,1
Marc Schölermann,0
Marcos Siega,1
Mabrouk El Mechri,0
Tony Leondis,5
Jonathan Levine,5
Courtney Hunt,1
S.R. Bindler,0
Joel Hopkins,1
Ruben Fleischer,5
Marc Webb,5
Neill Blomkamp,5
Rajkumar Hirani,5
Kyle Newman,0
Duncan Jones,5
Tom Six,1
Jaco Van Dormael,0
Will Gluck,5
Yorgos Lanthimos,5
Drew Barrymore,1
Juan José Campanella,1
Christian Alvart,0
Rob Letterman,5
Patrick Tatopoulos,5
Peter Billingsley,5
Dennis Iliadis,1
Niels Arden Oplev,5
Stewart Hendler,1
Lee Daniels,5
Phil Lord,5
Ricky Gervais,1
Olatunde Osunsanmi,1
Marcus Dunstan,1
Grant Heslov,1
Tom Ford,1
Philippe Diaz,1
Derrick Borte,0
Michael Spierig,5
Lone Scherfig,5
Scott Cooper,5
Charles Guard,1
Shane Acker,1
Jean-Marc Vallée,5
Kevin Greutert,5
Andrea Arnold,1
Agnieszka Wojtowicz-Vosloo,0
Steve Shill,5
Cheryl Hines,1
Phil Traill,1
Sam Taylor-Johnson,5
Daniel Alfredson,5
Peter Cornwell,5
Glenn Ficarra,5
Scott Sanders,0
Armando Iannucci,1
Asghar Farhadi,1
Kevin Tancharoen,5
Luca Guadagnino,1
Ti West,0
David Pastor,1
Hoyt Yeatman,5
Brandon Camp,1
Daniel Barber,1
John Hindman,1
Jorge Blanco,1
Cary Joji Fukunaga,1
Raymond De Felitta,1
Tommy Wirkola,5
Mamoru Hosoda,1
Oren Moverman,0
Rick Jacobson,1
Kieran Mulroney,1
Tomm Moore,0
J Blakeson,5
Neal Brennan,1
Zach Cregger,0
Michel Franco,1
Tom Hooper,5
Francesca Gregorini,0
Jordan Scott,1
Jim Field Smith,1
Gareth Edwards,5
Nathan Greno,5
Steven R. Monroe,0
Steve Antin,1
Pierre Coffin,5
Derek Cianfrance,5
Joseph Kosinski,5
Lee Unkrich,5
Ethan Maniquis,1
Tom McGrath,5
Ryan Murphy,5
David Michôd,0
Rodrigo Cortés,1
Scott Stewart,5
Debra Granik,1
Samuel Bayer,5
John Luessenhop,5
Eli Craig,1
Anna Boden,5
Anand Tucker,1
Christopher Morris,1
Floria Sigismondi,0
Jorma Taccone,0
Panos Cosmatos,0
Apichatpong Weerasethakul,1
Jeong-beom Lee,1
André Øvredal,5
Hiromasa Yonebayashi,5
Richard Ayoade,1
Julie Anne Robinson,5
Quentin Dupieux,0
Susanna White,5
Andrew Jarecki,1
Nanette Burstein,1
Wilson Yip,5
Miguel Sapochnik,0
Casey Affleck,1
Larysa Kondracki,1
Sang-soo Im,1
David Schwimmer,0
Massy Tadjedin,1
John Wells,5
Jay Duplass,1
Daniel Stamm,5
Abe Sylvia,0
William Monahan,0
Baran bo Odar,1
Alan Poul,1
Dallas Jenkins,1
Vikramaditya Motwane,1
Troy Nixey,1
Shana Feste,1
Daniel Espinosa,5
Jim Mickle,0
Richard J. Lewis,0
Malcolm Venville,0
Gilles Paquet-Brenner,1
Sngmoo Lee,0
Spencer Susser,0
Nick Tomnay,0
Mitch Glazer,0
Dan Rush,0
Paul Feig,5
Olivier Nakache,5
Drew Goddard,1
Tate Taylor,5
Jennifer Yuh Nelson,5
Julia Leigh,1
Rupert Wyatt,5
Brad Furman,5
George Nolfi,5
Jamie Linden,1
Gareth Evans,1
J.C. Chandor,1
Sean Durkin,1
Chris Gorak,1
Steven Quale,5
Adam Wingard,5
Zoya Akhtar,1
Daniel Nettheim,1
Matthijs van Heijningen Jr.,0
Gary McKendry,0
James Bobin,5
Justin Kurzel,5
Ben Palmer,5
Ben Wheatley,1
Joe Cornish,0
John Michael McDonagh,1
Mike Cahill,1
Drake Doremus,0
Mark Mylod,1
Daniel Barnz,1
Gavin Wiesen,1
Simon Curtis,5
Paolo Sorrentino,5
Jason Eisener,0
Christian E. Christiansen,1
Zal Batmanglij,0
Madonna,0
Bertrand Bonello,1
Jesse Peretz,1
Andrew Haigh,1
Alister Grierson,5
Morten Tyldum,5
Lynn Shelton,1
Ami Canaan Mann,1
Sarah Polley,1
Alex Gregory,1
Stéphane Rybojad,1
Gonzalo López-Gallego,1
Paul Johansson,0
Ralph Fiennes,1
Malgorzata Szumowska,1
Gaby Dellal,1
Tanya Wexler,0
Paddy Considine,1
Nuri Bilge Ceylan,1
Jason Moore,5
Stephen Chbosky,5
Rupert Sanders,5
Seth MacFarlane,5
Mark Andrews,5
Genndy Tartakovsky,5
Måns Mårlind,5
Lorene Scafaria,5
Rich Moore,5
Nima Nourizadeh,5
Brad Peyton,5
Colin Trevorrow,5
Josh Trank,5
Dan Bradley,0
Chris Renaud,5
Asger Leth,1
Peter Ramsey,5
Ariel Vromen,1
Mark Tonderai,1
Ben Lewin,0
Michael Sucsy,5
Craig Zobel,0
David Palmer,1
Mike McCoy,5
Lisa Azuelos,0
Heitor Dhalia,1
Steve Martino,5
Stephen Elliott,0
Sacha Gervasi,1
Scott Speer,5
Josh Boone,5
M.J. Bassett,1
Ramaa Mosley,0
Robert Lorenz,1
Lee Kirk,1
Chris Butler,0
Baltasar Kormákur,5
Nicholas Jarecki,1
RZA,1
Nikolaj Arcel,5
Fisher Stevens,0
Brian Klugman,1
Felix van Groeningen,0
Stuart Blumberg,1
Sean Baker,1
John Hyams,0
Benh Zeitlin,1
Anthony Hemingway,0
Todd Lincoln,0
James Mather,1
Leslye Headland,1
Sujoy Ghosh,1
Josh Radnor,0
Joachim Rønning,5
Henry Joost,5
Dustin Hoffman,1
Matt Ross,1
Juan Solanas,0
David Chase,0
Henry Alex Rubin,0
Bradley Parker,1
Lee Toland Krieger,1
Reema Kagti,0
Alex Kurtzman,5
Petter Næss,1
Nick Love,1
Anurag Basu,1
Declan Donnellan,1
Paul Andrew Williams,1
Cal Brunker,1
Jamie Travis,1
Homi Adajania,0
Josh Schwartz,0
Jake Schreier,5
Alan Taylor,5
James DeMonaco,5
Abdellatif Kechiche,1
Dan Scanlon,5
Joseph Gordon-Levitt,1
Kirk DeMicco,5
Evan Goldberg,5
Nat Faxon,1
Fede Alvarez,5
James Ward Byrkit,1
Andy Muschietti,5
Carl Rinsch,0
Steven Knight,0
Mike Flanagan,5
Aharon Keshales,1
Maggie Carey,1
David Soren,5
Amma Asante,1
James Ponsoldt,1
Jon S. Baird,1
Don McKellar,0
Destin Daniel Cretton,1
Brian Percival,5
Rob Epstein,0
Daniel Schechter,0
Ken Scott,1
Joey Soloway,1
Klay Hall,5
Cody Cameron,5
Jeremy Saulnier,0
Jordan Vogt-Roberts,5
Allen Hughes,0
Jorge Dorado,0
Don Scardino,0
Jerusha Hess,1
Justin Zackham,1
John Krokidas,1
Ryan Coogler,5
Gia Coppola,1
Jeff Tremaine,5
Joshua Michael Stern,1
Sebastián Cordero,1
Dan Mazer,5
Jon Lucas,5
Michael Tiddes,5
Ayan Mukherjee,1
Peter Landesman,1
Charlie Stratton,1
Joe Lynch,1
Jason Bateman,0
Lake Bell,1
David Lowery,5
Keanu Reeves,0
Ritesh Batra,1
Park Hoon-jung,1
Fredrik Bond,1
Chad Stahelski,5
Damien Chazelle,5
Alex Garland,1
Dan Gilroy,1
Wes Ball,5
Jemaine Clement,1
David Robert Mitchell,1
Noam Murro,5
Christian Ditter,5
Don Hall,5
Robert Stromberg,5
Angelina Jolie,5
Christopher Miller,5
James Marsh,5
Patrick Hughes,5
Michaël R. Roskam,1
Jennifer Kent,1
Damián Szifron,1
Camille Delamarre,5
Leigh Janiak,0
Chris Evans,1
Scott Waugh,5
Paul King,5
Xavier Dolan,0
James Kent,1
Jonathan Milott,1
Jorge R. Gutiérrez,1
Severin Fiala,1
Gary Shore,5
Levan Gabriadze,5
Wally Pfister,1
Courteney Cox,1
Rowan Joffe,0
Philippe Falardeau,0
Kriv Stenders,1
Tom Gormican,1
Alan Rickman,1
Erik Van Looy,0
Jon Watts,5
William Eubank,0
R.J. Cutler,5
Yann Demange,1
Richard Glatzer,1
Justin Benson,1
Bill Pohlad,1
Russell Crowe,1
Ava DuVernay,5
Rob Thomas,0
Charlie McDowell,1
Stuart Beattie,1
Max Nichols,1
Julius Avery,1
Vic Armstrong,1
Theodore Melfi,5
Trish Sie,5
Kristian Levring,1
Harold Cronk,5
Akiva Goldsman,0
James Simone,1
Ben Falcone,5
Jalmari Helander,1
Pascal Chaumeil,0
Ruben Östlund,1
Ryan Gosling,0
John Pogue,1
Jordan Rubin,1
Sam Miller,1
Peter Strickland,0
Richard Laxton,1
Lenny Abrahamson,1
Sarah Gavron,1
Stiles White,5
Justin Simien,1
Benny Safdie,0
Roberts Gannaway,5
Ramin Bahrani,0
Adriana Trigiani,1
Robert Eggers,5
Bryan Buckley,0
John Francis Daley,5
Marc Abraham,0
Kyle Balda,5
Elizabeth Banks,5
Sanyuan Peng,1
Peter Sohn,5
Joel Edgerton,5
Etan Cohen,5
Aleksander Bach,1
Christopher Landon,5
Ilya Naishuller,1
Paco Cabezas,0
Gregory Jacobs,5
Ari Sandel,5
Kyle Patrick Alvarez,1
Leigh Whannell,5
S.S. Rajamouli,5
Jeremy Garelick,5
Paul Tibbitt,5
Roar Uthaug,5
Hannes Holm,1
Alfonso Gomez-Rejon,1
Marielle Heller,1
Deniz Gamze Ergüven,1
Ciarán Foy,1
Catherine Corsini,1
Duke Johnson,0
Oz Perkins,1
Nishikant Kamat,0
Shinji Higuchi,1
Dexter Fletcher,5
Sean Mewshaw,1
Max Joseph,1
Brett Haley,1
Henry Hobson,1
Dean Israelite,5
Rupert Goold,1
Matt Brown,1
Martin Zandvliet,1
Michael Dougherty,5
Kabir Khan,5
Agnieszka Smoczynska,1
Gary Rydstrom,1
David Gelb,1
Patricia Riggen,5
Travis Cluff,1
David Farr,1
Paul Gross,1
John Maclean,0
Simon Stone,1
François Simard,1
Patrick Brice,1
Michael Showalter,5
Dan Fogelman,0
László Nemes,1
Sang-hoon Ahn,1
Daniel Lee,5
Tim Miller,5
Thea Sharrock,5
William Oldroyd,1
Cedric Nicolas-Troyan,1
Makoto Shinkai,5
Alessandro Carloni,5
Julia Ducournau,1
Sang-ho Yeon,5
Anna Foerster,1
Greg Tiernan,5
Barry Jenkins,5
Dan Trachtenberg,5
Garth Davis,5
David F. Sandberg,5
Deon Taylor,1
Nitesh Tiwari,5
Ana Lily Amirpour,0
Ross Katz,1
Luke Scott,1
Kelly Fremon Craig,1
Babak Najafi,5
Dan Kwan,1
Jake Szymanski,1
Mike Thurmeier,5
Michael Grandage,1
Ivan Sen,1
Dave Green,5
Elizabeth Wood,1
David L. Hunt,0
Anna Biller,1
Clay Kaytis,5
Hideaki Anno,5
Jeremy Gillespie,1
David Leveaux,1
Pablo Larraín,1
Peter Atencio,1
Andrew Neel,1
Travis Knight,5
Chris Peckover,1
Sam Liu,1
Amat Escalante,1
Jason Zada,1
John Krasinski,5
Maren Ade,1
Radhika Rao,1
Carles Torrens,1
Takeshi Nozue,1
Jonathan Jakubowicz,0
Susan Johnson,1
Aniruddha Roy Chowdhury,1
Babak Anvari,1
Ewan McGregor,1
Sarah Adina Smith,1
Simon Aboud,1
Michael Gracey,5
Hallie Meyers-Shyer,1
Jordan Peele,5
Sebastián Lelio,1
David Leitch,5
Taylor Sheridan,1
Greta Gerwig,5
Aaron Sorkin,1
Dean Devlin,5
Brian Fee,5
Lucia Aniello,1
Dax Shepard,1
Chris McKay,5
Michael Noer,1
Cory Finley,0
Coralie Fargeat,1
James Franco,1
Johannes Roberts,5
Stella Meghie,5
Jamie M. Dagg,1
John Carroll Lynch,1
Björn Runge,1
Trey Edward Shults,1
Ry Russo-Young,1
Matt Spicer,1
Denise Di Novi,1
Dorota Kobiela,1
Hany Abu-Assad,1
Francis Lee,1
Janus Metz,1
Kogonada,1
Jeff Baena,1
Stuart Hazeldine,5
F. Javier Gutiérrez,5
Chloé Zhao,1
Charlie Bean,5
Marc Meyers,1
Andrew Jay Cohen,0
Sergio G. Sánchez,1
Max Winkler,1
Gabriela Cowperthwaite,1
Benny Boom,1
Andy Serkis,1
Hun Jang,5
Mike White,1
Ash Avildsen,1
Justin Chon,1
Fatih Akin,1
Richie Keen,1
Ken Marino,5
Paolo Virzì,1
Michael Carney,0
Jayson Thiessen,5
Jeffrey Blitz,1
Lawrence Sher,1
Luis Prieto,1
Jeremy Dyson,1
Jonathan Teplitzky,1
Eliza Hittman,1
Haifaa Al-Mansour,1
Kevin Phillips,1
Robin Campillo,1
Shin-yeon Won,1
Pat Healy,1
Dominic Cooke,1
Simon Baker,1
Byung-gil Jung,1
Yong-hwa Kim,5
Ari Aster,5
Bob Persichetti,5
Christian Gudegast,1
Bradley Cooper,5
Bo Burnham,1
Stefano Sollima,1
Gerard McMurray,5
Claire McCarthy,0
Corin Hardy,5
Jeff Tomsic,1
Donovan Marsh,0
Duncan Skiles,1
Otto Bathurst,0
Nadine Labaki,5
Nicolai Fuglsig,1
Susanna Fogel,1
Josie Rourke,1
Phil Johnston,5
Christian Rivers,0
Steven Caple Jr.,5
Jonah Hill,0
Chang-dong Lee,1
Aneesh Chaganty,5
Kay Cannon,5
Carlos López Estrada,1
Abby Kohn,5
Drew Pearce,0
Bill Holderman,5
Crispian Mills,1
Boots Riley,1
Steven S. DeKnight,5
Rob Greenberg,5
Joe Penna,1
Mathew Cullen,0
Sriram Raghavan,5
Anthony Maras,1
Bart Layton,1
Kevin Connolly,0
Stacie Passon,1
Desiree Akhavan,1
Adam Robitel,5
David Kerr,5
Paul Dano,1
Bethany Ashton Wolf,1
Shin'ichirô Ushijima,1
Ali Abbasi,1
Nash Edgerton,1
Sam Levinson,0
Stephen Susco,1
Karey Kirkpatrick,5
Gregory Plotkin,1
Matthew Heineman,1
Tom Harper,1
Diederik Van Rooijen,1
Carol Morley,1
Yarrow Cheney,5
Wash Westmoreland,1
Tim Kirkby,0
Gustav Möller,1
Brady Corbet,1
Emma Tammi,1
Becca Gleason,1
Blake Harris,1
Director X.,1
Nick Park,1
Andrew Erwin,5
Kim Nguyen,1
Tatsuya Nagamine,5
Jonathan Baker,0
Pella Kagerman,1
Pernille Fischer Christensen,1
John Andreas Andersen,1
Kenji Nagasaki,1
Perry Lang,1
Stephen Merchant,1
Jenny Gage,5
Matt Bettinelli-Olpin,5
Michael Engler,5
Olivia Wilde,1
Robin Bissell,1
Josh Cooley,5
Simon Kinberg,5
David Yarovesky,1
Tyler Nilson,5
Gene Stupnitsky,5
Justin Baldoni,5
Hans Petter Moland,1
Gary Dauberman,5
Adrian Grunberg,1
Nisha Ganatra,1
Joe Talbot,1
Michael Chaves,5
Thurop Van Orman,5
Kevin Kölsch,5
Riley Stearns,1
Vincent D'Onofrio,0
Lars Klevberg,1
Julius Onah,1
Joanna Hogg,1
Lulu Wang,1
Chris Addison,5
Jason Winer,1
Andrea Berloff,0
Elise Durán,1
Jill Culton,5
Todd Strauss-Schulson,1
Malik Bader,1
Gail Mancuso,5
Dome Karukoski,0
Lee Cronin,1
Paul Downs Colaizzo,1
Vikas Bahl,1
Dylan Brown,1
Won-Tae Lee,1
Fred Durst,0
Laure de Clermont-Tonnerre,1
Jesse V. Johnson,0
Frant Gwo,5
Waymon Boone,0
Roxann Dawson,1
Zara Hayes,1
Tina Gordon,1
Nicholas McCarthy,1
Yu Yang,5
Shawn Seet,1
John Stalberg Jr.,1
John Swab,1
Byeong-heon Lee,5
Noble Jones,1
J.J. Englert,1
Abhishek Varman,1
Abhishek Chaubey,1
Jagan Shakti,1
Melanie Martinez,0
Sujeeth,1
Sang-Geun Lee,5
Van Ling,1
Britt Poulton,1
Chuck Konzelman,1
Punit Malhotra,1
Joo-hwan Kim,1
Laxman Utekar,1
Akiv Ali,1
Lucio Castro,1
Alex Ranarivelo,1
Gorô Taniguchi,1
Hannah Pearl Utt,1
Robert Fernandez,1
Eddie Mensore,0
Kirill Mikhanovsky,1
Robbie Grewal,1
Le-Van Kiet,1
Shelly Chopra Dhar,1
Roxanne Benjamin,1
Tony Chan,5
Ali Abbas Zafar,1
Mark Bramble,1
Claudio Giovannesi,1
Richard Grieco,0
Tony Wash,0
Jerry Mitchell,1
Rich Christiano,1
Jung Da-Won,1
Drew Cullingham,1
T.C. Christensen,1
Indra Kumar,1
Shane Stanley,1
Nacho G. Velilla,1
Jazz Boon,5
Noo-ri Park,1
Marie Kreutzer,1
Andoy Ranay,0
Aneesh Daniel,1
Yutaka Uemura,1
Ariel Winograd,1
Antoinette Jadaone,1
Raj Kumar Gupta,1
Jason Kwan,1
Dylan Thomas Ellis,1
Jeffrey Nicholson,1
David Stuart Snell,0
Monia Chokri,1
Cathy Yan,5
Adil El Arbi,5
Jeff Fowler,5
Chris Sanders,0
Hu Guan,5
Scott Teems,1
Kenneth Smith,0
Teng Cheng,5
Scott Pryor,1
Marcus Brown,0
Kevin Shulman,1
Stefan C. Schaefer,0
Justin Kreinbrink,0
Joseph Ebanks,0
Dusty Dukatz,0
Nkanya Nkwai,0
James Randall,0
Pereko Mosia,0
