star,star_score
Jack Nicholson,5
Brooke Shields,1
Mark Hamill,5
Robert Hays,5
Chevy Chase,5
Betsy Palmer,5
John Belushi,5
Robert De Niro,5
Gene Hackman,5
David Carradine,1
Clint Eastwood,5
N!xau,1
Robin Williams,5
Donald Sutherland,5
Michael Caine,5
Christopher Reeve,1
Eddie Barth,1
Jane Fonda,5
Adrienne Barbeau,1
Gene Wilder,5
Al Pacino,5
Kris Kristofferson,0
Kirk Douglas,1
Olivia Newton-John,1
John Travolta,5
William Hurt,5
Tatum O'Neal,1
Jason Robards,0
Robert Redford,5
Richard Gere,5
Chris Makepeace,1
Leslie Nielsen,5
Burt Reynolds,5
Scott Glenn,5
Goldie Hawn,5
Tony Danza,1
Rory Calhoun,1
Laurence Olivier,1
Sissy Spacek,5
Bette Davis,1
Edward Woodward,0
Peter O'Toole,1
Peter Boyle,0
Charlton Heston,1
Cheech Marin,5
Suzanna Love,0
Don Adams,0
Anthony Quinn,0
Woody Allen,5
Paul Le Mat,0
Ray Simpson,0
Marcello Mastroianni,1
Tim Conway,0
Paul Newman,5
Chuck Norris,5
Darren McGavin,0
Charles Martin Smith,1
Richard Dreyfuss,5
Jill Clayburgh,0
Willie Nelson,1
Ellen Burstyn,1
Dom DeLuise,5
Vera Alentova,0
Peter Sellers,1
Martin Mull,1
John Ritter,1
Dudley Moore,5
Scott Beach,1
Marty Feldman,1
Meat Loaf,1
Ali MacGraw,1
Elliott Gould,1
Walter Matthau,5
Michael Ontkean,1
David N. Haynes,1
Trevor Howard,0
Paul Michael Glaser,0
Talia Shire,1
Shirley MacLaine,5
Jean Martin,1
George Burns,1
Frank Langella,1
Michel Serrault,1
Chuck Barris,1
Gilda Radner,1
Treat Williams,0
Bob Newhart,1
Ka-Yan Leung,0
Harrison Ford,5
David Naughton,1
Kurt Russell,5
Bruce Campbell,1
Dan Monahan,5
Nigel Terry,1
Mel Gibson,5
Jürgen Prochnow,1
Bill Murray,5
Isabelle Adjani,1
James Caan,5
Sean Connery,5
Alan Alda,5
Jennifer O'Neill,1
Roger Moore,5
Jamie Lee Curtis,5
George C. Scott,5
Warren Beatty,5
Katharine Hepburn,5
Mickey Rooney,5
Ben Cross,5
Bo Derek,1
Andre Gregory,1
Ringo Starr,1
James Farentino,0
Mel Brooks,1
Dee Wallace,1
Peter MacNicol,0
Jeff Bridges,5
Everett McGill,1
Sam Neill,5
Faye Dunaway,1
Sylvia Kristel,1
James Cagney,1
Maren Jensen,1
Keith Carradine,0
Julie Andrews,5
Catriona MacColl,0
Craig Wasson,1
Paul Kelman,1
Elizabeth Berridge,1
Frederic Forrest,0
Meryl Streep,5
Jim Henson,5
Albert Finney,0
Sylvester Stallone,5
Nell Schofield,1
Kristen Riter,1
Wilhelmenia Fernandez,1
Klaus Kinski,1
Lauren Tewes,1
George Hamilton,0
George Segal,1
Lily Tomlin,1
Kristy McNichol,1
Christopher George,1
Steve Martin,5
Mews Small,0
Klinton Spilsbury,0
Lesley-Anne Down,0
Leonard Mann,1
Daniel Valdez,1
Jacqueline Bisset,1
Jack Lemmon,5
Richard Pryor,5
Albert Brooks,5
Andy Kaufman,0
Sally Field,5
Robert Duvall,5
Marsha Mason,1
David Rasche,0
Harry Hamlin,0
Pepper Martin,0
John Savage,1
Tony Anthony,1
Bulle Ogier,1
Sean Penn,5
Arnold Schwarzenegger,5
Henry Thomas,5
Michelle Pfeiffer,5
Aileen Quinn,1
JoBeth Williams,5
Nick Nolte,5
William Shatner,5
Willie Aames,1
Lawrence Monoson,1
Ben Kingsley,1
Dustin Hoffman,5
Elizabeth Hartman,1
Marc Singer,1
Hal Holbrook,1
Bob Geldof,1
Nastassja Kinski,0
Bertil Guve,1
Dana Kimmell,1
Tom Atkins,1
Scott Baio,1
Kenny Rogers,1
Steve Guttenberg,5
Henry Winkler,1
Peter Gallagher,0
Barbara Hershey,1
Kate McNeil,1
Peter Ustinov,0
Lee Horsley,1
Charles Bronson,1
Barry Bostwick,0
Mariel Hemingway,0
James Olson,1
Jessica Lange,0
Morgan Fairchild,1
Matt Dillon,1
Ben Murphy,0
Armand Assante,1
John Cassavetes,0
Michael McKean,1
Roy Scheider,1
Robert Glaudini,0
Ronny Cox,1
Cher,5
Lewis Collins,0
Kathryn Harrold,1
Season Hubley,1
Jon Voight,5
Michael Ironside,1
Tim Matheson,1
Gerrit Graham,1
Michael O'Keefe,0
Ken Wahl,0
Allen Garfield,1
Mark Blankfield,0
Michael Palin,1
Raul Julia,1
John Hurt,0
Robert Urich,1
Toni Attell,1
Joan Collins,1
Bette Midler,5
Gérard Depardieu,5
Johnny Yune,1
Leon Isaac Kennedy,1
Ryan O'Neal,0
Mel Blanc,1
Luciano Pavarotti,0
Teresa Stratas,1
Tom Skerritt,1
Rainer Werner Fassbinder,1
Lorne Greene,1
Amy Madigan,0
John Wintergate,0
Elizabeth Edmonds,0
Bill Schoppert,0
Wendy Hughes,1
C. Thomas Howell,1
Tom Cruise,5
Eddie Murphy,5
Tom Berenger,5
Dennis Quaid,5
Keith Gordon,1
Felissa Rose,0
Jennifer Beals,5
Matthew Broderick,5
Sam Shepard,0
Ken Marshall,0
David Knell,1
Christopher Walken,0
Phoebe Cates,1
Nicolas Cage,5
James Woods,0
Dan Aykroyd,5
Peter Billingsley,1
Catherine Deneuve,1
Michael Keaton,5
Anthony Perkins,1
Burt Lancaster,1
Matt Lattanzi,1
Barbra Streisand,5
Randy Norton,0
Graham Chapman,0
John Cleese,1
Oleg Yankovskiy,1
Jackie Gleason,1
Rick Hill,1
Rodney Dangerfield,5
David Bowie,0
Peter Keleghan,1
Cliff Gorman,1
Mary Beth McDonough,1
Linda Blair,1
Peter Strauss,1
Tom Selleck,5
Kevin Kline,5
Don Francks,0
Lou Ferrigno,1
Christopher Atkins,1
Tony Roberts,1
Jane Alexander,1
Rutger Hauer,0
Shô Kosugi,1
Kathleen Quinlan,0
Mark Gregory,0
Reb Brown,1
Peter Weller,1
David Niven,0
Max Gail,1
Pia Zadora,0
Michael Douglas,5
David Keith,1
Mary Steenburgen,1
Cristina Raines,1
Rosanna Arquette,1
Julie Christie,1
John Candy,5
Timothy Hutton,1
Bonnie Bedelia,1
Malcolm McDowell,0
Tommy Lee Jones,5
Kelly Reno,1
Jeffrey Byron,1
Martin Yost,1
Linda Griffiths,1
Robby Benson,0
Margot Kidder,0
Steve Sandor,1
Ernest Borgnine,0
Martin Sheen,1
Peter Coyote,1
Dennis Hopper,1
Wings Hauser,0
Everett Silas,0
Jan-Michael Vincent,0
Richard Beymer,0
Mark Pirro,0
James Aubrey,0
Steve Railsback,0
Unknown,0
Kyle MacLachlan,0
Ralph Macchio,5
Heather Langenkamp,5
F. Murray Abraham,1
Patrick Swayze,5
Noah Hathaway,0
Kevin Bacon,5
Robert Carradine,5
Zach Galligan,5
Michael Paré,0
Molly Ringwald,5
Harry Dean Stanton,1
Rob Reiner,1
Val Kilmer,5
Peter Horton,1
Lance Guest,1
Tom Hanks,5
John Getz,1
Sumi Shimamoto,1
Erich Anderson,1
Grant Cramer,1
Rachel Ward,1
Helen Slater,0
Drew Barrymore,5
John Heard,1
Sam Waterston,1
Catherine Mary Stewart,1
Kathleen Turner,5
John Lurie,1
Judy Davis,1
Prince,5
Rob Lowe,1
Freddie Stuart,1
Tanya Roberts,0
Christopher Lambert,1
Chris Penn,1
Tawny Kitaen,1
Lucinda Dickey,5
Matthew Modine,1
Sarah Patterson,1
Peter Liapis,0
Lenny von Dohlen,1
Lilyan Chauvin,1
Eric Roberts,0
Lisa Hartman,1
Aidan Quinn,1
Rae Dawn Chong,1
Cameron Dye,1
James Garner,1
Teri Garr,0
Lisa Blount,0
Avtandil Makharadze,0
Gregory Harrison,1
Howard E. Rollins Jr.,1
Bill Paterson,1
Richard Mulligan,1
Diane Keaton,5
Tab Hunter,0
Michael Zorek,1
Steven Bauer,1
Joe Morton,1
Jon Cryer,1
Robert Ginty,1
Geneviève Bujold,1
Judd Nelson,1
Pascale Ogier,1
Anne Bancroft,1
Paul McCartney,0
Lorenzo Lamas,1
Karen Allen,0
Margarita Lozano,0
Debra Winger,0
Liv Ullmann,1
Cynthia Dale,1
Louis Ducreux,1
John Shea,1
Greg Bradford,0
Gary Busey,1
Patrick Houser,1
Steve Bisley,0
Christopher Plummer,1
Reece Dinsdale,1
Brooke Adams,1
Danielle Romeo,0
Nick Mancuso,0
Guy Marchand,1
Anthony Michael Hall,1
Sean Astin,5
Michael J. Fox,5
William Petersen,1
Eileen Brennan,0
Emilio Estevez,5
Don Ameche,5
Clu Gulager,1
Demi Moore,5
Jonathan Pryce,0
Danny Glover,5
John Cusack,5
Tatsuya Nakadai,0
Maggie Smith,5
Chris Sarandon,1
Ethan Hawke,5
Griffin Dunne,1
Robert Englund,5
Paul Reubens,1
Lori Cardille,1
Joyce Hyser,1
William Katt,1
Grant Bardsley,0
Melanie Kinnaman,1
Jeffrey Combs,0
Taimak,1
Biff Yeager,1
James Spader,0
Lauren Hutton,1
Rob Morrow,1
Jackie Chan,5
Jeff Goldblum,5
Mikhail Baryshnikov,1
Doug McKeon,1
Saeed Jaffrey,1
Nicholas Rowe,1
Mickey Rourke,5
Bruno Lawrence,1
Ken Watanabe,1
Stan Ivar,0
Kurt McKinney,1
Mary Beth Hurt,1
Ken Ogata,0
Kevin Costner,5
Meredith Salenger,1
Anthony Edwards,0
Richard Chamberlain,0
Michael Dudikoff,1
Powers Boothe,1
Helen Shaver,1
Lewis Smith,1
Mia Farrow,1
Anton Glanzelius,1
John Stockwell,1
Jennifer Connelly,1
Stephen Geoffreys,1
Shannon Presby,1
Betsy Russell,1
John Murray,1
Louise Lasser,0
Kurt Thomas,1
James Whitmore,1
Sting,0
Mel Smith,1
Raymond Burr,1
Geraldine Page,1
Norma Aleandro,1
Sheila E.,1
John Erwin,1
Moreno D'E Bartolli,1
Joe Colligan,0
Glenn Close,5
Lenore Zann,1
Georgia Engel,1
Richard Farnsworth,0
Miranda Richardson,0
Susan Dey,0
Anthony Hopkins,5
Timothy Dalton,5
Judge Reinhold,1
Kate Nelligan,1
Coral Browne,1
Gabriel Byrne,0
Vanessa Redgrave,1
Susan Sarandon,5
Bettina Bush,1
Roland Giraud,1
John Rhys-Davies,0
Mario Van Peebles,1
Gala Videnovic,0
Barry Otto,0
Ed Harris,1
Klaus Maria Brandauer,1
Forrest Tucker,0
Fionnula Flanagan,0
Glenda Jackson,1
Raphael Sbarge,0
Denise Coward,0
Bruce Dern,1
John Gordon Sinclair,1
Jimmy Keegan,1
Peter Bland,0
Fabienne Babe,0
Jane Snowden,0
Nathalie Baye,1
Kader Boukhanef,0
Barry Jackson,0
Isabelle Huppert,1
Sigourney Weaver,5
Wil Wheaton,1
Paul Hogan,5
Charlie Sheen,5
Isabella Rossellini,1
Lea Thompson,1
Rick Moranis,5
Pat Morita,5
Crispin Glover,0
Ally Sheedy,1
Joey Cramer,1
Louise Smith,1
Corey Haim,1
Thom Mathews,1
Jean-Hugues Anglade,1
Louis Gossett Jr.,1
Gary Oldman,5
Michael Rooker,1
Bob Hoskins,5
Jason Lively,0
Erland Josephson,1
Bart Conner,1
Kate Capshaw,0
Vincent Price,1
Orson Welles,0
Michael Moriarty,1
Lucy Deakins,1
Jeff Daniels,1
Daryl Hannah,0
Tracy Camilla Johns,1
Gregory Hines,1
Tom Waits,1
Michel Piccoli,1
Kyôko Koizumi,1
Noam Almaz,1
Karen Black,0
Assumpta Serna,1
Deborah Foreman,1
Helena Bonham Carter,1
Yves Montand,1
Bryan Brown,0
Brian Kerwin,0
Oliver Reed,0
Danny DeVito,1
Richard Jordan,0
John Lithgow,5
Marc Price,1
Dirk Benedict,0
Whoopi Goldberg,5
Craig Sheffer,1
David Byrne,1
Peggy Ashcroft,1
Matthew Labyorteaux,1
Linda Carol,1
Stephen Lang,5
Diane Franklin,1
Farrah Fawcett,1
David Dukes,1
Marie Rivière,1
Andrew Prine,1
Daphne Zuniga,1
Todd Allen,1
Terence Stamp,1
Mitchell Gaylord,1
Colin Friels,0
Sally Kellerman,1
Patsy Kensit,1
Scott Valentine,1
Martin Hewitt,0
Ted Danson,1
Michael Schoeffling,1
Neil Dickson,0
Dominique Michel,1
James Karen,1
Blythe Danner,1
Pamela Adlon,1
Dexter Gordon,1
John Bolger,0
Daniel Jordano,1
Wayne Crawford,1
Shari Shattuck,1
Scott McGinnis,0
Maxine Miller,1
Mike Norris,0
Lorenzo Quinteros,0
Hugh Duncan Bigney Mitchell,1
Kristina Nehm,0
Mary Tyler Moore,1
Jonathan Crombie,1
Victor Love,0
Derek de Lint,1
Dennis Christopher,0
Leo Fong,0
Anouk Aimée,0
Cary Elwes,5
Jason Patric,1
Elisabeth Shue,5
Adrian Pasdar,0
Andrew McCarthy,5
Dolph Lundgren,0
Andrew Robinson,1
Christian Bale,5
Eric Stoltz,5
Lorraine Gary,1
Patrick Dempsey,5
Richard E. Grant,1
Mark Harmon,1
John Lone,1
Lou Diamond Phillips,5
Andre Gower,0
Donald Pleasence,1
Bruno Ganz,5
James Wilby,1
George Kennedy,1
Terry O'Quinn,1
Robert Sean Leonard,1
Louise Fletcher,1
Hume Cronyn,1
Jason Bateman,5
Stephen Dorff,0
Jim Varney,5
Anthony Barrile,1
Melanie Griffith,5
Kim Basinger,1
Gaspard Manesse,1
Siobhan Finneran,1
Sarah Miles,1
Stéphane Audran,1
Anthony Newley,1
Marianne Sägebrecht,1
Casey Siemaszko,0
David Paul,0
Matt Adler,1
Arye Gross,1
Lindsay Crouse,1
Denzel Washington,5
Frankie Avalon,1
Madonna,1
Chris Cooper,1
Pelle Hvenegaard,1
Ross Bagdasarian Jr.,1
Susanna Hoffs,1
Lisa Schrage,1
Michael E. Knight,0
John Allen Nelson,1
Jim Belushi,5
Colin Firth,5
Shelley Long,5
Lane Smith,0
Emily Lloyd,0
Christine Lahti,1
Tom Hulce,0
Michael Biehn,0
Eric Freeman,0
Linnea Quigley,0
Deborah Winters,0
Ellen Barkin,0
Bill Cosby,1
Emmanuelle Chaulet,1
Robert Townsend,1
Anjelica Huston,5
Joëlle Miquel,1
Christopher Lloyd,0
Martin Short,0
John Malkovich,1
Lori Lethin,1
Sy Richardson,0
Jason Gedrick,1
Loren Avedon,0
James Russo,1
Jodie Foster,5
Julie Walters,0
Heather Thomas,0
Derek Jacobi,1
Noah Taylor,1
Brian Dennehy,0
Bill Paxton,0
Sergio Rubini,1
Darren Robinson,1
Zelda Rubinstein,0
Elaine Stritch,0
Rod Steiger,1
Whip Hubley,1
Fred Dryer,1
Brad Davis,1
Eddie Deezen,0
Joanne Woodward,1
Sally Kirkland,1
Bruce Willis,5
Alec Baldwin,5
River Phoenix,0
Roddy Piper,1
Winona Ryder,5
Annabeth Gish,1
Mitsuo Iwata,1
Philippe Noiret,1
Catherine Hicks,1
Hitoshi Takagi,1
Jean-Claude Van Damme,5
Willem Dafoe,0
Pat Hingle,5
Kelly McGillis,1
Geena Davis,0
Sonny Bono,1
Jeremy Irons,0
Jean-Marc Barr,1
Daniel Day-Lewis,5
Shawnee Smith,0
Joey Lawrence,1
Sherilyn Fenn,1
John Neville,0
Cassandra Peterson,0
Christine Ebersole,0
Steven Seagal,5
Keenen Ivory Wayans,1
Lance Henriksen,0
Terry Kiser,1
Doug Bradley,1
Amanda Donohoe,0
Tami Erin,0
Edward James Olmos,1
Carmen Maura,1
Bubba Smith,1
Cathy Podewell,1
Heather O'Rourke,1
Andy Lau,1
William Ragsdale,0
Jackie Mason,0
Laurence Fishburne,0
Pierce Brosnan,5
Fisher Stevens,1
Bill Pullman,5
Jason Beghe,0
Davor Dujmovic,0
James Le Gros,1
Carl Weathers,1
Sidney Poitier,1
George Dzundza,0
Lukas Haas,0
Phil Collins,1
Scott Grimes,0
Eric Bogosian,0
Justine Bateman,1
Tchéky Karyo,1
Rubén Blades,0
Charlie Schlatter,1
Forest Whitaker,5
Shafiq Syed,1
Yahoo Serious,1
Tom Burlinson,1
Rebecca De Mornay,1
Phil Davis,1
Cyndi Lauper,0
Delphine Zentout,0
Bernard Hill,1
Traci Lords,0
Robert Downey Jr.,5
Billy Crystal,5
Isaach De Bankolé,1
Jennifer Rubin,1
Gena Rowlands,5
Charlotte Burke,1
Cliff De Young,0
Jennifer Jason Leigh,0
Amy Irving,1
Bobcat Goldthwait,1
John Glover,1
George Newbern,1
Richard Hatch,0
Joanna Pacula,0
Tim Daly,0
Natasha Richardson,1
Imogen Stubbs,0
Tony Pierce,1
Meg Tilly,1
Alan Boyce,0
Theresa Russell,0
Pete Postlethwaite,1
Hart Bochner,0
Keanu Reeves,5
Jodi Benson,5
Danny Aiello,1
Dale Midkiff,1
Pauline Collins,1
Julian Sands,1
Fred Savage,1
'Weird Al' Yankovic,1
Victoria Abril,1
Nicole Kidman,5
Morgan Freeman,5
Corey Feldman,1
Greg Evigan,1
Kenneth Branagh,5
Jensen Daggett,1
Robyn Lively,1
Michael Murphy,1
Masatoshi Nagase,0
Sammi Davis,0
Christian Slater,1
Tim Robbins,0
Martin Landau,0
Cybill Shepherd,1
Gabriel Damon,0
Dick Durock,0
Gary Graham,0
Hulk Hogan,1
Randy Quaid,0
Staci Keanan,1
Stephen Caffrey,1
Edward Asner,5
Adrienne Shelly,0
Ron Fazio,0
Don Johnson,0
Takeshi Kitano,1
Kiefer Sutherland,5
Lorraine Bracco,0
Geneviève Lemon,1
Kirk Cameron,1
Holly Hunter,1
Dexter Fletcher,1
Michael Chiklis,1
Lothaire Bluteau,1
Jillian McWhirter,0
Hoyt Axton,1
Bernadette Peters,1
Stephen Shellen,0
Dorota Segda,0
Andrew Stevens,1
Jenny Wright,0
Ron Silver,0
David Bradley,1
Keith Coogan,1
Michel Blanc,1
Sam Elliott,1
Jesse Birdsall,1
Peter Falk,1
Josef Sommer,0
Clark Brandon,0
Jonathan Emerson,0
Annabella Sciorra,5
John Larroquette,1
Jim Brown,1
Macaulay Culkin,5
Judith Hoag,5
Johnny Depp,5
Liam Neeson,5
Balthazar Getty,1
Anne Parillaud,0
Alex Vincent,1
Richard Linklater,1
Leslie Cheung,1
Michael Oliver,5
Christopher Reid,5
Tony Todd,1
Fred Ward,1
Jonathan Brandis,0
Kate Hodge,1
James Lorinz,0
Andrew Dice Clay,1
Keely Christian,1
Akira Terao,0
Bradley Gregg,0
Hossain Sabzian,0
Dylan McDermott,1
Marlon Brando,0
Gary Kemp,1
David Andrews,1
Debbie Harry,1
Carolyn Farina,1
Solomon Perel,1
Juliet Stevenson,1
Alan Young,1
Alison Steadman,1
George O'Hanlon,1
Jenny Seagrove,1
Richard Harris,1
Gong Li,1
Jean Rochefort,1
Richard Alexander,0
Jared Rushton,1
Patrick Bergin,0
Eric Idle,1
Kerry Fox,1
Roger Rose,1
Chris Young,1
Frances McDormand,5
Douglas Barr,1
Ed Begley Jr.,0
James Bond III,1
Philippe Caubère,1
Tim Roth,1
Christina Applegate,1
Laura Harring,1
Anne Teyssèdre,1
Dabney Coleman,0
Louis Tripp,0
J. Eddie Peck,1
Miou-Miou,1
Dana Carvey,1
Kirstie Alley,1
Nicole Eggert,1
Fabrice Luchini,1
Takaaki Enoki,0
Kenny Ireland,1
Lena Stolze,1
Michael Gottli,0
Cuba Gooding Jr.,5
Frank Whaley,1
Maribel Verdú,1
Paige O'Hara,5
Kathy Bates,5
Billy Campbell,1
Anna Chlumsky,1
Lawrence Ng,0
Julia Roberts,5
Brian Krause,1
John Turturro,0
Paige Turco,5
Robert Arkins,1
Irène Jacob,1
Wesley Snipes,5
Brandon Quintin Adams,1
Marie-Laure Dougnac,1
Justin Whalin,0
Juliette Binoche,5
Brian Bosworth,0
Gabrielle Anwar,0
Miki Imai,1
David Morse,0
James Stewart,1
Alan Rickman,1
Joe Mantegna,0
Mimi Rogers,1
Kristy Swanson,1
Glen Campbell,0
Scott Bakula,0
Vanilla Ice,0
Nina Siemaszko,1
Ed O'Neill,0
Jill Schoelen,1
Richard Grieco,1
Ned Beatty,1
Barbara Sukowa,1
Brad Pitt,5
Edith Meeks,1
John Goodman,5
Alfred Molina,1
Diego Abatantuono,1
Jeff Speakman,1
Steven Waddington,1
Claire Bloom,0
Laura Dern,0
John Gielgud,1
Elias Koteas,1
Sachiko Murase,1
Sasha Mitchell,1
Joe Pesci,0
Hugo Weaving,5
Sharon Stone,1
Cindy Williams,0
Jeff Fahey,1
Tommy Davidson,1
Harley Jane Kozak,1
Anthony LaPaglia,5
Cora Lee Day,1
Daniel Giménez Cacho,1
Vincent Spano,0
Robert Carlyle,5
Kevin Anderson,0
Madeleine Stowe,0
Peter Berg,0
Jacques Dutronc,1
Roberto Benigni,5
Liza Minnelli,1
Harvey Keitel,0
Virginia Madsen,5
Scott Weinger,5
Stephen Rea,5
Bridget Fonda,5
Mike Myers,5
Sheryl Lee,0
Charles Grodin,5
Jane March,1
Timothy Balme,0
Carlos Gallardo,1
Hugh Grant,5
Edward Furlong,0
Samantha Mathis,1
Brendan Fraser,5
Omar Epps,5
Benoît Poelvoorde,1
Victor Wong,1
Terry Farrell,1
D.B. Sweeney,5
Penélope Cruz,5
Terence Knox,1
Paul Mercurio,1
Tilda Swinton,5
James Marshall,0
Richard Kind,0
Russell Crowe,5
George Strait,1
Larry Drake,1
Andy Garcia,0
Faizon Love,1
Hugh Laurie,0
Marco Leonardi,1
Olivier Gruner,1
Damon Wayans,1
Tate Donovan,5
Brandon Lee,1
Glenn Plummer,0
Daniel Auteuil,1
Miho Nikaido,1
Sean Young,0
Chingmy Yau,0
Fernando Fernán Gómez,1
Daniel Schlachet,0
Maarten Smit,0
Steve Buscemi,1
Dermot Mulroney,5
Mary McDonnell,1
Emmanuel Salinger,0
Trisha Todd,0
Meg Ryan,5
Samuel Fröler,1
Ray Liotta,0
Dolly Parton,1
Chao-jung Chen,1
Mike Dytri,1
Robert John Burke,0
Maxime Collin,1
Michael Rapaport,1
Mansour Diouf,1
Charlotte Véry,1
Peter Greene,0
Tomorô Taguchi,0
Jason Scott Lee,1
Andie MacDowell,0
Penelope Ann Miller,0
Julie Kavner,1
Robert Wuhl,1
Bronson Pinchot,1
Helena Bergström,1
Leigh McCormack,1
Jet Li,5
Tom Guiry,1
Jason London,1
David Thewlis,1
Danny Elfman,5
Thomas Ian Nicholas,1
Damian Chapa,0
Tyrin Turner,1
Kate Maberly,1
Jason James Richter,5
Warwick Davis,1
Angela Bassett,5
Pauly Shore,5
Kent McCord,0
John D. LeMay,1
Diedrich Bader,1
Federico Luppi,0
Dominique Horwitz,1
Shane McDermott,1
Janet Jackson,5
Tamlyn Tomita,1
Charlotte Gainsbourg,1
Kevin Conroy,1
Max von Sydow,1
Ashley Judd,5
Will Smith,5
Jesse Bradford,1
Ernie Reyes Sr.,1
Christian Clavier,1
Elijah Wood,5
Mark Dacascos,0
Angel Aviles,1
Chris Rock,5
Jason Priestley,0
Hiep Thi Le,0
Alan Arkin,1
Michael Crawford,0
Uma Thurman,5
Andrew Lowery,0
Nu Yên-Khê Tran,1
Karina Lombard,1
Rongguang Yu,1
Otto Sander,0
Reese Witherspoon,5
Winston Chao,1
Paul Gross,0
Dennis Haysbert,1
Rip Torn,1
Diane Ladd,1
Tatsuo Matsumura,0
Nanni Moretti,1
James Duval,1
Kim Vithana,1
Alan Bates,1
Darci Kistler,0
Brad Johnson,0
Derek Jarman,0
Larry B. Scott,0
Eric Christmas,0
Jacob Tierney,0
Jean Reno,5
Jim Carrey,5
Travis Tedford,1
Woody Harrelson,1
Brigitte Lin,1
Melanie Lynskey,0
Brian O'Halloran,1
Jonathan Jackson,1
Linda Fiorentino,1
Patrick Stewart,5
Lara Flynn Boyle,0
Renée Zellweger,5
Toni Collette,5
Brian Bonsall,1
Marisa Tomei,1
Rena Owen,1
Dana Delany,0
Tim Allen,5
Ralph Fiennes,5
Zbigniew Zamachowski,1
Emmanuelle Béart,1
Bruce Greenwood,0
Robert Patrick,0
Jeremy Piven,1
Massimo Troisi,1
Luke Perry,1
Nigel Hawthorne,0
Antonio Banderas,5
Jeni Courtney,1
Duane Martin,1
G.W. Bailey,0
Luke Edwards,1
Sophia Loren,0
Alfre Woodard,0
Jeremy Davies,0
Richard Attenborough,1
Jack Palance,0
Allen Payne,1
Sihung Lung,1
Tina Majorino,1
Rupert Everett,1
Brad Dourif,1
Chris Elliott,0
Sean Bean,1
Mackenzie Astin,1
Mohamad Ali Keshavarz,0
You Ge,1
Denis Leary,5
Julia Sweeney,1
Thora Birch,1
Sean Nelson,1
Kevin Spacey,5
Gunnar Hansen,0
Stefano Dionisi,1
Linus Roache,1
Taylor Nichols,1
Katrin Cartlidge,0
Nikita Mikhalkov,0
Gregg Fitzgerald,1
Jack Thompson,0
Brian Benben,0
Larenz Tate,1
Patricia Arquette,1
Adam Beach,0
Lisa Donaldson,1
Alicia Silverstone,1
Laura Linney,5
Leo Fitzpatrick,1
Shannen Doherty,0
Elizabeth Berkley,0
Ice Cube,5
Emma Thompson,5
Leonardo DiCaprio,5
Adam Sandler,5
Karan Ashley,1
Natasha Henstridge,5
Jonny Lee Miller,0
Vincent Cassel,1
Tom McGowan,1
Lori Petty,0
Christina Ricci,5
Bill Farmer,1
Atsuko Tanaka,1
Sandra Bullock,5
Chris Farley,5
James Cromwell,5
Ron Perlman,5
Liesel Matthews,0
David Caruso,0
Schuyler Fisk,1
Whitney Houston,5
Heather Matarazzo,1
Hal Scardino,0
Josh Hamilton,1
Billy Zane,0
Jonathan Taylor Thomas,1
Clarence Williams III,1
Pascale Bussières,1
Predrag 'Miki' Manojlovic,0
William Baldwin,0
Matt Frewer,1
Julianne Moore,5
Chris O'Donnell,0
Ian McKellen,5
Álex Angulo,0
Audie England,1
Pruitt Taylor Vince,1
Mark Rylance,5
Joseph Mazzello,0
Olivier Martinez,1
Fanny Ardant,1
Jimmy Smits,1
Jack Mulcahy,1
Cameron Diaz,5
Daniel Stern,1
Lili Taylor,1
Marisa Paredes,1
Steven Weber,1
Charlie Talbert,1
Parker Posey,0
Sinbad,1
Ian Hart,1
Laurel Holloman,1
Max Grodénchik,0
Shar-Ron Corley,0
Sergio Castellitto,1
Virginie Ledoyen,1
Sarah Jessica Parker,5
Willeke van Ammelrooy,1
Kadeem Hardison,1
Michael Jordan,5
Neve Campbell,5
William H. Macy,5
Ewan McGregor,5
Helen Hunt,5
Matthew McConaughey,5
Robin Tunney,1
Mark Wahlberg,5
Luke Wilson,1
Jennifer Tilly,1
Billy Bob Thornton,5
Vince Vaughn,5
Shawn Wayans,5
Philip Baker Hall,0
Tony Shalhoub,1
Jada Pinkett Smith,1
Paul Terry,0
Gwyneth Paltrow,5
Naveen Andrews,1
Kim Bodnia,1
Christopher Guest,1
Timothy Spall,1
Mike Judge,1
Pamela Anderson,0
Emily Watson,1
Teri Hatcher,1
Shaquille O'Neal,0
Kelsey Grammer,5
Edward Burns,0
Geoffrey Rush,5
Michelle Trachtenberg,5
Dennis Miller,0
Vincent Perez,1
Jeffrey Wright,5
Tim Curry,5
Bruce Ramsay,1
Scarlett Johansson,5
Glen Berry,1
Christopher Eccleston,0
Michael J. Pollard,0
Maggie Cheung,1
Hedy Burress,1
Ben Stiller,5
Jerry O'Connell,0
Melvil Poupaud,1
Giovanni Ribisi,1
Jason Alexander,1
Tom Arnold,0
Hope Davis,1
Martin Lawrence,5
Molly Parker,1
Vincent D'Onofrio,0
Greg Kinnear,5
David Schwimmer,1
Vivian Wu,1
Samuel L. Jackson,5
Theresa Randle,0
Dave Foley,1
Jon Lovitz,1
Steven Soderbergh,0
Colm Meaney,0
Robin Wright,0
Blake Heron,1
Ellen DeGeneres,5
Daniel Bernhardt,1
Jermaine Hopkins,1
Illeana Douglas,0
Matt LeBlanc,0
Casper Van Dien,1
Pam Grier,1
Alex D. Linz,1
Yôji Matsuda,5
Matt Damon,5
Jennifer Love Hewitt,5
Nicole de Boer,1
Matthew Perry,1
Kel Mitchell,1
Junko Iwao,1
Michael Jai White,1
Mira Sorvino,1
Nick Sutton,0
Stephen Fry,0
Ben Affleck,5
Djimon Hounsou,1
Robin Shou,1
Mel B,1
Jennifer Lopez,5
George Clooney,5
Nathan Lane,5
Liv Tyler,1
Eduardo Noriega,1
Trey Parker,5
Vanessa Williams,5
Mohammad Amir Naji,1
Tom Everett Scott,1
Rowan Atkinson,5
Homayoun Ershadi,1
Tammy Lauren,1
Halle Berry,5
Howard Stern,1
Jennifer Aniston,5
Ian Holm,1
Harland Williams,1
Tenzin Thuthob Tsarong,0
Masato Hagiwara,0
Liberto Rabal,1
Michael Jeter,1
Michael Caton,1
Jason David Frank,1
Fran Drescher,0
Judi Dench,5
Stellan Skarsgård,0
Jamie Foxx,5
Miguel Ferrer,0
Kevin Sorbo,0
John Leguizamo,1
Angus Macfadyen,0
Tupac Shakur,1
Paul McGann,1
Sophie Marceau,0
Peter Fonda,1
Jared Leto,1
Will Friedle,0
Sam Rockwell,5
Til Schweiger,1
Llyr Ifans,0
Christopher McDonald,0
Thomas Jane,5
Marlon Wayans,5
Joshua Schaefer,1
Stephen Dillane,0
Rachel Weisz,1
David Duchovny,5
Aaron Eckhart,5
Alyssa Milano,0
Bill Bellamy,1
Julia Ormond,0
Michael Richards,1
Janeane Garofalo,0
Edward Norton,5
Jason Flemyng,1
Lindsay Lohan,5
Jordana Brewster,5
Ming-Na Wen,5
Jim Caviezel,5
Tobey Maguire,5
Jason Schwartzman,1
Rufus Sewell,1
Kirsten Dunst,5
Ulrich Thomsen,1
Sean Gullette,1
Jane Adams,1
Cate Blanchett,5
Ryan Phillippe,0
Vincent Gallo,0
James Marsden,0
Franka Potente,5
Dave Chappelle,1
Jeremy Theobald,1
Philippe Nahon,1
Shah Rukh Khan,5
Chris Kattan,1
Jeffrey Falcon,0
Charles Berling,0
Matthew Lillard,5
Chow Yun-Fat,5
Samy Naceri,5
Clive Owen,5
Norm MacDonald,0
Chloë Sevigny,0
Carlo Cecchi,0
Veronica Taylor,5
Nas,1
Ian Bannen,5
Magda Szubanski,0
Jessalyn Gilsig,0
Alexandra Dahlström,1
Kieran Culkin,1
Ian Michael Smith,0
Bodil Jørgensen,0
Bajram Severdzan,1
Radha Mitchell,5
Gillian Anderson,0
Elizabeth Daily,5
LisaRaye McCoy,1
Catherine McCormack,0
Fernanda Montenegro,1
Billy Crudup,0
Joseph Cross,0
Jay Mohr,1
Kate Winslet,5
Oprah Winfrey,0
Loni Anderson,1
Najwa Nimri,1
Howie Long,0
Natasha Lyonne,1
Kevin Gage,0
Thierry Lhermitte,1
Arata Iura,1
George Hearn,0
Paul Walker,5
Brenda Blethyn,1
Shôtarô Morikubo,1
Thandiwe Newton,1
Joaquin Phoenix,5
Chris Stafford,1
Jerry Springer,0
Brendan Gleeson,1
Stephen McCole,0
Kathleen Fee,1
Amy Brenneman,0
Jason Biggs,5
Heath Ledger,5
Ron Livingston,1
Sarah Michelle Gellar,5
Heather Donahue,5
James Van Der Beek,1
Freddie Prinze Jr.,5
Tony Goldwyn,5
Eli Marienthal,0
Caroline Ducey,1
Rob Schneider,5
Hilary Swank,5
Rose McGowan,0
Diane Lane,5
Jake Gyllenhaal,5
Jude Law,5
Sarah Polley,5
Devon Sawa,5
Milla Jovovich,5
Tommy Flanagan,1
Guy Pearce,5
Frances O'Connor,1
Guillaume Depardieu,0
Helen Mirren,5
Craig Bierko,1
Cecilia Roth,5
Melissa Joan Hart,1
Juliette Lewis,0
John Simm,1
Claire Danes,0
Molly Shannon,0
Taye Diggs,1
Ray Winstone,1
Wendy Crewson,1
Joe Basile,1
Emmanuel Schotté,0
Denis Lavant,0
James Levine,1
Emily Bergl,0
Charlize Theron,5
Dave Goelz,0
Behzad Dorani,1
Elayn J. Taylor,1
French Stewart,0
Kevin Clash,0
Annette Bening,1
Jim Broadbent,1
Shawn Hatosy,1
Takehiro Murata,0
Om Puri,1
Bonnie Root,1
Ewen Bremner,1
Michael Dobson,1
Loren Dean,0
David Spade,5
Joachim Król,1
Alessandro Nivola,0
Hank Azaria,5
Rebecca Pidgeon,1
Adrien Brody,5
Hossein Mahjoub,1
Émilie Dequenne,1
Christian Campbell,1
Martin Arrowsmith,1
Maria Schrader,1
Owen Wilson,5
Will Keenan,0
John Standing,1
Jeremy Northam,0
Vanessa Paradis,0
Noah Fleiss,1
Jason Statham,5
Monica Bellucci,1
Anna Faris,5
Piper Perabo,5
Breckin Meyer,5
Tony Chiu-Wai Leung,5
Ashton Kutcher,5
Emily Perkins,0
David Arquette,5
Fred Willard,1
Jamie Bell,5
Emilio Echevarría,1
Asia Argento,1
Björk,1
Natalie Portman,5
Sanaa Lathan,5
Jonathan Lipnicki,0
Mark Addy,0
Raffaëla Anderson,1
Gerard Butler,5
Joshua Jackson,5
Eric Bana,5
Amanda Schull,0
Charlotte Ayanna,1
Jeffrey Donovan,1
Nien-Jen Wu,1
Colin Farrell,5
Shane West,0
Mike White,1
Javier Bardem,5
Famke Janssen,1
Lauren Ambrose,0
Jung Suh,0
Bernard Giraudeau,0
Jennifer Morrison,1
Andrew Philpot,1
Lars Rudolph,1
Tim Meadows,0
Joan Allen,1
Ricardo Darín,1
Timothy Olyphant,5
Lori Heuring,0
Michelle Rodriguez,1
Frankie Muniz,5
Charlotte Rampling,1
Ricardo Meneses,1
Kamal Haasan,1
Huey Lewis,0
Philip Seymour Hoffman,1
Christine Cavanaugh,5
Marie-Josée Croze,1
Lars Nordh,1
Licia Maglietta,1
Sadie Frost,1
Minnie Driver,0
Chris Klein,0
Jim Cummings,5
Garry Shandling,0
Heather Graham,0
Lisa Lindgren,1
Lara Jill Miller,1
Hrithik Roshan,1
Delta Burke,1
Susie Porter,1
Xun Zhou,0
Daniel Radcliffe,5
Vin Diesel,5
Naomi Watts,5
Daveigh Chase,5
Chyler Leigh,5
Josh Hartnett,5
Audrey Tautou,5
Haley Joel Osment,5
Jay Chandrasekhar,1
Jack Black,5
Gina Philips,1
Paz Vega,1
Alexa PenaVega,5
Brad Renfro,1
Angelina Jolie,5
Julia Stiles,5
Method Man,1
Steve Zahn,1
Kane Hodder,1
Jason Mewes,1
Samuel Le Bihan,1
Anaïs Reboux,1
Flex Alexander,0
John Cameron Mitchell,0
Alexsandra Wright,1
Tom Green,1
Haruhiko Katô,1
Hayden Christensen,5
Tadanobu Asano,1
Shannon Elizabeth,1
Tom Wilkinson,1
Rachael Leigh Cook,0
Stephen Chow,5
Debi Derryberry,5
Beau Billingslea,1
Joseph Gordon-Levitt,5
Aamir Khan,5
Denise Richards,1
Marla Sokoloff,0
Ryan Gosling,5
Vinnie Jones,0
Dougray Scott,1
Moritz Bleibtreu,1
Miyoko Shôji,1
Juliane Köhler,1
Branko Djuric,1
Alan Cumming,1
Justin Chambers,0
Mekhi Phifer,1
Shane Edelman,1
Melissa Sagemiller,0
Jennifer Westfeldt,1
Jennifer Baxter,1
Naseeruddin Shah,1
Brian Cox,1
Dr. Dre,1
Snoop Dogg,0
Monica Potter,0
Mariah Carey,0
Vivica A. Fox,1
Shane Brolly,0
Selma Blair,1
Toshio Furukawa,0
Hector Elizondo,1
Catherine Keener,1
Mercedes Morán,1
Andrew Lawrence,1
Christopher Gorham,0
Greg Stebner,0
Eminem,5
Cillian Murphy,5
Alexandre Rodrigues,1
Mandy Moore,5
Nia Vardalos,5
Dwayne Johnson,5
Parminder Nagra,5
Kate Bosworth,1
Julianna Margulies,1
Ryan Reynolds,5
Salma Hayek,5
Steve Oedekerk,1
Aaliyah,1
Rebecca Romijn,0
Jordan Ladd,1
Coralie Revel,1
DJ Qualls,1
Colin Hanks,1
Britney Spears,1
Shad Moss,1
Kang-ho Song,5
Parry Shen,1
Nick Cannon,5
Eddie Griffin,1
Alexis Bledel,1
Angela Bettis,0
Miguel A. Núñez Jr.,0
Chiwetel Ejiofor,5
Rosario Flores,5
Oksana Akinshina,1
Steve Coogan,1
Megumi Okina,1
Keisha Castle-Hughes,1
Everlyn Sampi,1
Paddy Considine,1
Eileen Walsh,1
Charlie Hunnam,0
Barry Watson,1
Katie Holmes,0
Casey Affleck,5
Romain Duris,1
Blayne Weaver,5
Sergey Dreyden,1
Mars Callahan,0
Samantha Morton,1
Anna Paquin,1
Connie Nielsen,1
James Nesbitt,1
Morris Chestnut,5
Sonja Richter,1
Michael Reilly Burke,0
Martin Compston,1
America Ferrera,1
Steve Irwin,1
Mark Ruffalo,5
James Franco,5
Kate Beckinsale,5
Choi Min-sik,1
Michael Pitt,1
Evan Rachel Wood,1
Eliza Dushku,1
Jeremy Sumpter,1
Tommy Wiseau,0
Jessica Biel,5
Shia LaBeouf,5
Sid Haig,1
Kate Hudson,5
Amanda Bynes,5
Will Ferrell,5
Blanchard Ryan,5
A.J. Cook,5
Cécile de France,1
Elias McConnell,1
Chaney Kley,1
Daryl Sabara,5
Derek Richardson,1
Jonathan Breck,1
Kim Ki-duk,1
Jessica Alba,5
Jonathan Cherry,1
Peter Dinklage,5
Daniel Brühl,5
Adam Brody,1
Tony Jaa,1
Hilary Duff,5
Brittany Murphy,1
Preity Zinta,1
Jamie Kennedy,0
Anthony Anderson,1
Vladimir Garin,1
Andreas Wilson,1
Michèle Caucheteux,1
Mi-sook Lee,1
Yekaterina Golubeva,1
Tôru Emori,1
Tatyana Ali,1
Stephen Campbell Moore,5
Guillaume Canet,1
Nikolaj Lie Kaas,1
Paul Giamatti,5
Paul Rudd,5
Luigi Lo Cascio,1
Wes Ramsey,1
Eduardo Verástegui,1
Romola Garai,0
Don Dixon,1
Jason Lee,5
Zooey Deschanel,5
Kelly Clarkson,0
Erik von Detten,1
Yûta Sone,1
Joe Nicolo,0
Anne Reid,1
Jodi Carlisle,1
Joseph Fiennes,1
Kam Heskin,1
Corbin Allred,1
Enrique Diaz,1
Rémy Girard,1
Liam Aiken,1
Bob Dylan,1
Sándor Csányi,1
Emile Hirsch,5
Scott Mechlowicz,0
Hugh Jackman,5
Craig T. Nelson,5
Chieko Baishô,5
Simon Pegg,5
Natalie Press,1
Daniel Craig,5
Jon Heder,1
Jennifer Garner,5
Don Cheadle,5
Kieran O'Brien,1
John Cho,5
Anne Hathaway,5
Shane Carruth,1
Abbie Cornish,0
Tom Kenny,5
Zach Braff,5
Martin Henderson,1
Cayden Boyd,1
Brady Corbet,1
Queen Latifah,5
Kenan Thompson,1
Ziyi Zhang,5
Cyril Raffaelli,1
Jena Malone,1
Viggo Mortensen,5
Rory Culkin,1
Diego Luna,5
Sara Foster,0
Gael García Bernal,5
Dwayne Adway,0
Seung-Yun Lee,1
Mary-Kate Olsen,0
Tracey Ullman,0
Yûya Yagira,1
Kay Kay Menon,1
Cedric the Entertainer,1
Gérard Jugnot,5
Bai Ling,1
Konstantin Khabenskiy,1
Omarion,1
Ray Romano,5
Max Riemelt,1
Joan Chen,1
Catalina Sandino Moreno,1
Imelda Staunton,1
Alex Etel,1
Paul Kaye,0
Kristen Stewart,5
Jang Dong-Gun,1
Vahina Giocante,1
Valeria Bruni Tedeschi,1
Anthony Mackie,0
Kôji Imada,1
Michael Nyqvist,5
Abhishek Bachchan,1
Akio Ôtsuka,1
Robert Stadlober,1
Steve Carell,5
Keira Knightley,5
Shauna Macdonald,5
Orlando Bloom,5
Martin Freeman,5
Ioan Gruffudd,5
Nathan Fillion,0
Jay Hernandez,5
Patrick Wilson,5
Amber Tamblyn,5
Rachel McAdams,5
Chad Michael Murray,1
Seann William Scott,5
Stephanie Leonidas,0
Donnie Wahlberg,5
Josh Hutcherson,5
Camilla Belle,5
Nathan Phillips,1
Karl Urban,0
Johnny Knoxville,5
Nam-mi Kang,1
Owen Kline,1
Kimberly Elise,1
Peter Sallis,5
James Gandolfini,1
50 Cent,1
Kristanna Loken,0
Navi Rawat,0
Kuno Becker,1
Gretchen Mol,1
David Strathairn,1
Julian Morris,1
Josh Lucas,0
Terrence Howard,1
Tom Welling,1
AnnaSophia Robb,1
Benjamin Bratt,0
Agnes Bruckner,1
Steve Howey,0
Barney Clark,0
Rie Rasmussen,1
John Hawkes,1
Felicity Huffman,1
Bryce Dallas Howard,5
Embeth Davidtz,1
Marcos Hernández,1
Amitabh Bachchan,1
Hringur Ingvarsson,1
Diane Kruger,1
Jenny McCarthy,1
Lou Taylor Pucci,0
Lucas Black,5
Ivana Baquero,5
Gerardo Taracena,5
James McAvoy,5
Ulrich Mühe,5
Justin Long,5
Brandon Routh,5
Steven Strait,1
Ted Levine,5
Ben Whishaw,5
Thomas Turgoose,1
Sean Biggerstaff,1
Allen Covert,1
Carice van Houten,1
Missy Peregrym,1
Channing Tatum,5
Sacha Baron Cohen,5
Mary Elizabeth Winstead,5
Emma Roberts,5
Lee Pace,0
Jesse Metcalfe,1
Ed Speleers,5
Beyoncé,5
Tobin Bell,5
Megumi Hayashibara,1
Mitchel Musso,5
Jessica Simpson,1
Jaime Pressly,0
Sook-Yin Lee,1
François Cluzet,5
David Alan Basche,5
Karolina Gruszka,1
Dakota Fanning,5
Liev Schreiber,5
Jon Foster,1
Josh Duhamel,1
Frédéric van den Driessche,1
Tyler Perry,5
John Cena,5
Dax Shepard,1
Sienna Miller,0
Charlie Clark,1
Drew Fuller,1
Kevin James,5
Freddie Highmore,5
Anders Danielsen Lie,1
Alyson Hannigan,5
Alison Lohman,5
Mads Mikkelsen,1
Patrick Fugit,0
Glenn Jacobs,1
Jean Dujardin,5
T.I.,1
Alex Pettyfer,5
Nathan Baesel,1
Toby Jones,0
Oliver Driver,1
Kristen Bell,5
Danny McBride,0
Jake T. Austin,0
Danny Dyer,1
Erin Kelly,0
Daniel London,1
Catherine O'Hara,0
Jason Behr,1
Logan Lerman,5
Charlie Cox,5
Michael Cera,5
Brad Garrett,5
Elliot Page,5
Jeremy Renner,5
Amy Adams,5
Seth Rogen,5
Andy Samberg,5
Scout Taylor-Compton,5
Ryan Kwanten,1
Jerry Seinfeld,5
Reiko Aylesworth,5
Dane Cook,5
Lauren German,1
Lauren Birkell,1
Karra Elejalde,0
Kal Penn,5
Daniel Hansen,1
Katie Featherston,5
John C. Reilly,5
Belén Rueda,5
Gaspard Ulliel,1
Dan Castellaneta,5
Jess Weixler,1
Matthew Macfadyen,1
Darsheel Safary,1
Steve Austin,1
Will Arnett,5
Thomas Lennon,1
Sam Riley,0
Michael Vartan,1
Marion Cotillard,5
Glen Hansard,1
Richard Jenkins,1
Keri Russell,1
Alexander Ludwig,0
Catherine Zeta-Jones,5
Daniella Alonso,1
Trevor Wright,1
Khalid Abdalla,5
Skyler Shaye,1
Gabrielle Union,1
Dan Fogler,1
David Koechner,0
Wagner Moura,1
Mathieu Amalric,1
Norah Jones,1
Pauline Acquart,1
Rachel Nichols,0
Patrick Carroll,0
Big Boi,0
Chiara Mastroianni,1
Lucy Liu,1
Anamaria Marinca,1
Robert Wisdom,0
Elisha Cuthbert,0
Anton Yelchin,1
Justin Chatwin,1
Michelle Morgan,1
Megumi Ogata,1
Loren Taylor,1
Summer Bishil,1
Karl Markovics,1
Michael Shannon,0
Shahid Kapoor,1
Joely Richardson,1
Dominic Purcell,1
Columbus Short,5
Chuck Cooper,1
Kathy Baker,1
Zack Ward,0
Bill Milner,1
Scott Speedman,5
Ben Burtt,5
Rebecca Hall,5
Dev Patel,5
Kelly Reilly,1
Mike Vogel,5
Shawn Ashmore,1
Jim Sturgess,5
Sean Faris,1
Josh Zuckerman,0
Ben Barnes,5
Asa Butterfield,5
Katherine Heigl,5
Kåre Hedebrant,1
Tom Hardy,5
Carmen Electra,1
Drake Bell,1
Ray Stevenson,0
Rhona Mitra,1
Gabriel Macht,0
Ricky Gervais,5
Chris Pine,5
Rainn Wilson,0
Robert Hoffman,5
Paul Sorvino,0
Scott Patterson,5
Stuart Graham,1
Josh Brolin,0
Paris Hilton,1
Brittany Snow,1
Zac Efron,5
Sean Maguire,5
Matt Lanter,5
Tina Fey,1
Saoirse Ronan,5
Jennifer Carpenter,1
Lisa Ray,1
Gianfelice Imparato,1
JeeJa Yanin,1
Sian Breckin,1
Michelle Williams,1
Ayako Fujitani,1
Stephen McHattie,0
Sally Hawkins,5
Ari Folman,1
Masahiro Motoki,5
Matthew Goode,0
Tamela J. Mann,1
Rob Brown,0
Martina Gedeck,1
Larry Bishop,1
Josh Peck,0
Jimmy Bennett,0
Melissa Leo,1
Sam Worthington,5
Megan Fox,5
Jackie Earle Haley,5
Zach Galifianakis,5
Ginnifer Goodwin,5
Jesse Eisenberg,5
Sharlto Copley,5
Quinton Aaron,5
Vera Farmiga,5
Jared Padalecki,5
Anika Noni Rose,5
Dieter Laser,1
Nathaniel Brown,0
Eric Christian Olsen,0
Christos Stergioglou,1
Garret Dillahunt,1
Penn Badgley,1
Max Records,1
Briana Evigan,1
Gabourey Sidibe,5
Hye-ja Kim,1
Michael Stuhlbarg,1
Josh Stewart,1
Rain,1
Keller Wortham,1
Nick Zano,5
Carey Mulligan,5
Emily Browning,1
Jensen Ackles,5
Isla Fisher,5
Emily Blunt,5
Tahar Rahim,1
Katie Jarvis,0
Hayden Panettiere,0
Odette Annable,5
Jamal Woolard,1
Aaron Taylor-Johnson,5
Sasha Grey,0
Noomi Rapace,5
Tom Hollander,1
Christian Friedel,1
Sean Patrick Flanery,1
Miley Cyrus,5
Golshifteh Farahani,1
Alan Van Sprang,0
Jocelin Donahue,0
John Krasinski,1
Paulina Gaitan,1
Jeppe Beck Laursen,1
Ryûnosuke Kamiki,5
Ben Foster,0
Julia Voth,1
Evan McGuire,0
Gemma Arterton,1
Zach Cregger,0
Chris Massoglia,0
Ashley Tisdale,1
Kristin Kreuk,0
Dario Yazbek Bernal,1
Michael Angarano,0
Rooney Mara,1
Eva Green,5
Jonathan D. Mellor,1
Jay Baruchel,5
Madeline Carroll,0
Scoot McNairy,1
Sarah Butler,0
Noah Ringer,5
Lubna Azabal,1
Mia Wasikowska,5
Lee Byung-hun,1
Emma Stone,5
Danny Trejo,1
Idris Elba,5
Michael Fassbender,5
James Frecheville,1
Zachary Gordon,5
Paul Bettany,5
Robert Pattinson,5
Jennifer Lawrence,5
Chris Brown,5
James Rolleston,1
Tyler Labine,1
Chris Messina,5
Keir Gilchrist,0
Kodi Smit-McPhee,5
Will Adamsdale,1
Will Forte,0
Eva Bourne,1
Eric Balfour,5
Thanapat Saisaymar,1
Won Bin,1
Joey King,5
Otto Jespersen,1
Amanda Seyfried,5
Jonah Hill,5
Amy Poehler,5
Craig Roberts,1
Sharni Vinson,5
Eddie Redmayne,5
Stephen Spinella,0
Kôji Yakusho,1
Bill Nighy,0
Donnie Yen,5
Jenn Proske,5
Chace Crawford,0
Jeon Do-yeon,1
Patrick Fabian,5
Juno Temple,0
Rajat Barmecha,1
Garrett Hedlund,1
Joel Kinnaman,5
Connor Paolo,0
Max Thieriot,0
Kristin Scott Thomas,1
Danielle Harris,0
David Hyde Pierce,0
Ludivine Sagnier,1
Thomas Dekker,1
Chris Evans,5
Chris Hemsworth,5
Kristen Wiig,5
Kristen Connolly,1
Mila Kunis,5
Henry Cavill,5
Justin Timberlake,5
Elle Fanning,5
Bradley Cooper,5
Jason Momoa,5
Zoe Saldana,1
Taylor Lautner,1
Payman Maadi,1
Jeremy Irvine,5
Iko Uwais,1
Zachary Quinto,1
Elizabeth Olsen,5
Nicholas D'Agosto,5
Kenny Wormald,1
Topher Grace,0
Sara Paxton,1
Gina Carano,1
Lucas Pittaway,0
Laurence R. Harvey,1
James Buckley,5
Nick Swardson,0
Neil Maskell,1
John Boyega,5
Dominic Cooper,0
Brit Marling,0
Felicity Jones,5
Minka Kelly,1
Selena Gomez,1
Colin O'Donoghue,5
Christopher Denham,1
Thomas Horn,1
Noémie Lvovsky,1
Tom Cullen,1
Rhys Wakefield,5
Aksel Hennie,1
Michael Parks,0
Sarah Bolger,1
Mark Duplass,1
Jason Sudeikis,5
Alex Kendrick,5
Warren Christie,1
Rhys Ifans,0
Russell Brand,5
Taylor Schilling,0
Maggie Gyllenhaal,0
Albert Dupontel,1
Kaya Scodelario,5
Ranbir Kapoor,5
Peter Mullan,1
Muhammet Uzuner,1
Anna Kendrick,5
Jared Gilman,5
Jessica Chastain,5
Andrew Garfield,5
Kelly Macdonald,5
Taylor Kitsch,1
Alexander Skarsgård,5
Vanessa Hudgens,1
Danielle Panabaker,1
Saskia Rosendahl,1
Benjamin Walker,5
Thomas Mann,5
Suraj Sharma,5
Julianne Hough,5
Aubrey Plaza,1
Dane DeHaan,5
Greta Gerwig,1
Jason Segel,5
Sean Hayes,1
Ann Dowd,1
Alex Veadov,5
Dylan O'Brien,5
Calvin Reeder,1
Luke Evans,5
Lily Collins,5
Ashley Hinshaw,0
Sheri Moon Zombie,1
Kathryn McCormick,5
Paul Dano,1
Natasha Calis,5
Adelaide Clemens,1
Jean-Louis Trintignant,1
Chase Williamson,1
Jenna Fischer,1
Alicia Vikander,5
Will Rogers,1
Veerle Baetens,1
Dree Hemingway,1
Paul Brannigan,1
Quvenzhané Wallis,5
Ashley Greene,0
Jonny Weston,0
Vidya Balan,1
Josh Radnor,0
Pål Sverre Hagen,1
Stephen Dunham,5
Marin Ireland,1
Toby Irvine,1
John Magaro,0
Alice Lowe,1
Jesse McCartney,1
Rashida Jones,1
Ingrid Bolsø Berdal,1
Florian Lukas,1
Rin Takanashi,1
Riz Ahmed,1
Alexis Denisof,1
Ari Graynor,1
Fernanda Andrade,5
Saif Ali Khan,0
Victoria Justice,0
Léa Seydoux,1
Peter Sarsgaard,1
Domhnall Gleeson,5
Lorenza Izzo,1
Jane Levy,5
Emily Baldoni,1
Alexandra Daddario,1
Nicholas Hoult,5
Marine Vacth,1
Karen Gillan,1
Lior Ashkenazi,1
Simon Rex,5
Oscar Isaac,5
Chloë Grace Moretz,5
Julia Louis-Dreyfus,1
Gugu Mbatha-Raw,1
Jaden Smith,5
Toni Servillo,1
Miles Teller,5
Chadwick Boseman,5
Jemma Dallender,1
Brie Larson,5
Sophie Nélisse,5
Katie Chang,1
Hideaki Anno,5
Alice Englert,1
Kathryn Hahn,1
Carlos Alazraqui,5
Bill Hader,5
Macon Blair,1
Nick Robinson,1
Farhan Akhtar,1
Christoph Waltz,0
Mark Strong,0
James Corden,5
Neil Patrick Harris,5
Michael B. Jordan,5
Rose Byrne,1
Jack O'Connell,5
Skylan Brooks,1
Amy Seimetz,1
Julian Barratt,1
Liam Hemsworth,5
Bérénice Bejo,1
Lawrence Michael Levine,1
Benedict Cumberbatch,5
Agata Kulesza,1
Lake Bell,1
Tiger Hu Chen,0
Irrfan Khan,1
Jung-jae Lee,1
Chris Pratt,5
Shailene Woodley,5
Jon Favreau,1
Jemaine Clement,1
Frank Grillo,5
Maika Monroe,1
Brenton Thwaites,5
Sullivan Stapleton,5
Ryan Potter,5
Perdita Weeks,1
Ward Horton,5
Ellar Coltrane,1
Essie Davis,1
Darío Grandinetti,1
Dan Stevens,0
Zoey Deutch,5
Rose Leslie,0
Aaron Paul,5
Seth MacFarlane,1
Hugh Bonneville,5
Richard Armitage,5
Tom McGrath,5
Anne Dorval,1
Lukas Schwarz,1
Heather Sossaman,5
Gabriella Wilde,1
Kit Harington,0
Kaitlyn Dever,1
Jake Johnson,5
Andy Powers,1
Imogen Poots,1
Sharon Leal,1
David Oyelowo,1
Jon Hamm,1
John Lloyd Young,1
Elizabeth Banks,1
Kellan Lutz,0
Ryan Guzman,1
Shane Harper,5
Sara Takatsuki,1
Ty Burrell,5
Melissa McCarthy,5
Johannes Kuhnke,1
Christina Hendricks,1
David Rawle,1
Jared Harris,1
Rachel Melvin,1
Taraji P. Henson,5
Aleksey Serebryakov,1
Sidse Babett Knudsen,0
Olivia Cooke,5
Haluk Bilginer,1
Tyler James Williams,1
Kevin Hart,5
Arielle Holmes,1
Dakota Johnson,5
Anya Taylor-Joy,1
Lily James,5
Daisy Ridley,5
Tom Hiddleston,5
Melissa Rauch,0
Jason Clarke,5
Olivia DeJonge,5
Ed Helms,5
Blake Lively,5
Jim Parsons,5
Amy Schumer,5
O'Shea Jackson Jr.,5
Logan Marshall-Green,1
Edgar Ramírez,1
Rupert Friend,1
Adrian Grenier,1
Tye Sheridan,5
Levi Miller,0
Mae Whitman,1
Bryan Cranston,5
Ezra Miller,1
Scott Eastwood,1
Prabhas,5
Nat Wolff,5
Kristoffer Joner,1
Rolf Lassgård,1
Abraham Attah,0
Bel Powley,0
Günes Sensoy,1
Kitana Kiki Rodriguez,1
James Ransone,1
Ben Mendelsohn,0
Ajay Devgn,1
Haruma Miura,1
Taron Egerton,5
Ranveer Singh,1
Amy Landecker,1
Ed Skrein,5
Shameik Moore,5
Roland Møller,1
Adam Scott,1
Salman Khan,5
Marta Mazurek,1
Noah Schnapp,5
Olivia Wilde,1
Reese Mishler,1
Clémence Poésy,1
Chad Villella,1
David Dencik,1
Rossif Sutherland,1
Aubrey Peeples,0
Jenjira Pongpas,1
Kate Mara,1
Rob Corddry,0
Munro Chambers,1
Géza Röhrig,1
Shin Ha-kyun,1
Priscilla C. Shirer,5
Travis Fimmel,5
Emilia Clarke,5
Florence Pugh,1
Auli'i Cravalho,5
Kim Min-hee,1
Garance Marillier,1
Gong Yoo,5
Mahershala Ali,5
Sasha Lane,1
Neel Sethi,5
Teresa Palmer,5
Mike Epps,1
Suki Waterhouse,0
Hailee Steinfeld,5
Adam Driver,0
Lauren Cohan,5
Louis C.K.,5
Aaron Pedersen,1
Morgan Saylor,1
Blake Jenner,0
Neal McDonough,0
Samantha Robinson,1
John Gallagher Jr.,1
Ferdia Walsh-Peelo,1
Hiroki Hasegawa,5
Aaron Poole,1
Jack Huston,0
Keegan-Michael Key,1
Ben Schnetzer,1
Lewis MacDougall,1
Jamie Dornan,1
James Allen McCune,1
Shahab Hosseini,1
James Arnold Taylor,0
Ruth Ramos,1
Elizabeth Reaser,5
Natalie Dormer,1
Lucas Till,0
Sandra Hüller,1
Joe Alwyn,0
Carlos Acosta,1
Ruth Negga,1
Dave Johns,1
Harshvardhan Rane,1
Dominic Monaghan,1
Taapsee Pannu,1
Narges Rashidi,1
Stephan James,0
Emma Suárez,1
Rami Malek,5
Erin Darke,1
Jessica Brown Findlay,1
Lou de Laâge,1
Bill Skarsgård,5
Tom Holland,5
Armie Hammer,1
Daniel Kaluuya,5
Fionn Whitehead,5
Anthony Gonzalez,5
Ansel Elgort,5
Gal Gadot,5
Jacob Tremblay,5
Emma Watson,5
Jessie Buckley,1
Margot Robbie,5
Barry G. Bernson,1
Jessica Rothe,5
Lesley Manville,1
Scott Shepherd,0
Brooklynn Prince,1
Vicky Krieps,1
Andy Serkis,5
Michael Peña,1
Kumail Nanjiani,5
Aaron Moorhead,1
Katie Leung,5
Matilda Anna Ingrid Lutz,5
Matt Passmore,5
Amandla Stenberg,5
Jon Bernthal,1
Dacre Montgomery,1
Joel Edgerton,1
T.J. Miller,5
Rosario Dawson,1
Regina Hall,5
Douglas Booth,1
Claes Bang,1
Josh O'Connor,1
Sverrir Gudnason,1
Josh Gad,5
Alison Brie,1
Eili Harboe,1
Brady Jandreau,1
Ross Lynch,1
George MacKay,1
Demetrius Shipp Jr.,1
Max Hubacher,1
Stan Shaw,1
Callum Turner,1
Andy Biersack,1
Demi Lovato,5
Simone Baker,1
Oakes Fegley,0
Numan Acar,1
Eugenio Derbez,5
Jason Drucker,1
Samuel Bottomley,1
Harris Dickinson,1
Emily Mortimer,1
Maryana Spivak,1
Owen Campbell,1
Takuya Kimura,1
Louis Garrel,1
Nahuel Pérez Biscayart,1
Charlie Plummer,1
Sol Kyung-gu,1
Pat Healy,1
Billy Howle,1
Samson Coulter,1
Kim Ok-bin,1
Brett Dalton,1
Douglas Smith,1
Ha Jung-woo,5
Constance Wu,5
John David Washington,5
Boyd Holbrook,5
Alden Ehrenreich,5
Bella Thorne,1
Lady Gaga,5
Elsie Fisher,1
Olivia Colman,5
Benicio Del Toro,1
Y'lan Noel,5
Demián Bichir,5
Hannah Murray,1
Sofia Boutella,1
Zain Al Rafeea,5
Thomasin McKenzie,1
Justin Theroux,1
Jovan Adepo,1
Claire Foy,1
Hera Hilmar,0
Sunny Suljic,0
Viola Davis,1
Yoo Ah-in,1
Leslie Mann,5
Angourie Rice,1
Lily Franky,5
Daveed Diggs,1
Aisling Franciosi,1
Jassa Ahluwalia,1
LaKeith Stanfield,1
Joanna Kulig,1
Lucy Hale,5
Graham Verchere,1
Storm Reid,1
Amber Heard,0
Ayushmann Khurrana,5
Spencer Reinhard,1
Aldis Hodge,0
Taissa Farmiga,1
Lin Shaye,5
Lucas Hedges,1
Ed Oxenbould,1
Alex Roe,1
Mahiro Takasugi,1
José Luis Ferrer,1
David Tennant,1
Eva Melander,1
Odessa Young,0
Colin Woodell,1
Mackenzie Foy,5
Cynthea Mercado,1
Rosamund Pike,1
Kyrie Irving,1
Shay Mitchell,1
KiKi Layne,1
Mamie Gummer,1
Alek Skarlatos,1
Chris O'Dowd,1
Jakob Cedergren,1
Tom Schilling,1
Caitlin Gerard,1
Tika Sumpter,1
Alia Shawkat,1
William Moseley,1
Deepika Padukone,5
Trevor Jackson,1
J. Michael Finley,5
Masako Nozawa,5
Myles Truitt,0
Emelie Garbers,1
Alba August,1
Wendi McLendon-Covey,5
Tiffany Haddish,1
Batsheva Dance Company,1
Daiki Yamashita,1
Taylor Russell,5
Himesh Patel,5
Josephine Langford,5
Roman Griffin Davis,5
Zachary Levi,5
Dean-Charles Chapman,5
Rosa Salazar,5
Lupita Nyong'o,5
Samara Weaving,5
David Harbour,1
Linda Hamilton,5
Isabela Merced,5
Donald Glover,5
Kyle Chandler,5
Sasha Luss,1
Noémie Merlant,1
Zack Gottsagen,5
Octavia Spencer,5
Haley Lu Richardson,5
Jimmie Fails,1
Patton Oswalt,5
Linda Cardellini,5
Zoe Margaret Colletti,5
Michael Ealy,1
Kotaro Daigo,5
Jake Schur,0
Marc Maron,1
Neil Young,1
Shuzhen Zhao,1
Dave Bautista,1
Billy Barratt,1
Chloe Bennet,5
Rebel Wilson,1
Seána Kerslake,1
Jillian Bell,1
Sushant Singh Rajput,1
Gina Rodriguez,1
Sofia Mali,1
Ma Dong-seok,1
Matthias Schoenaerts,1
Jing Wu,5
Louis Ashbourne Serkis,0
Caylee Cowan,0
Marcel Ruiz,1
Yanting Lü,5
Finn Little,1
Vijay Varma,1
Beau Knapp,1
Jake Choi,1
Lee Dong-yong,5
Yara Shahidi,0
Peta Murgatroyd,1
Varun Dhawan,1
Akshay Kumar,1
Melanie Martinez,0
Mrunal Thakur,1
Jo Jung-Suk,5
Tania Raymonde,1
Walton Goggins,1
Ashley Bratcher,1
Tiger Shroff,1
Seo Jun Park,1
Kartik Aaryan,1
Juan Barberini,1
Michael Roark,1
Jun Fukuyama,1
Hannah Pearl Utt,1
David Thorpe,1
Terry Serpico,0
Chris Galust,1
John Abraham,1
Veronica Ngo,1
Nawazuddin Siddiqui,1
Sonam Kapoor,1
Karina Fontes,1
Xiaoming Huang,5
Bonnie Langford,1
Francesco Di Napoli,1
Ace Young,0
Matt Henry,1
Brett Varvel,1
Mi-ran Ra,1
Spencer Brown,1
David McConnell,1
Vidyut Jammwal,1
Hanyu Zhang,5
Miko Hughes,1
Martha Higareda,1
Louis Koo,5
Ryu Jun-Yeol,1
Valerie Pachner,1
JC Santos,0
Sharman Joshi,1
Tesshô Genda,1
Bo Huang,5
Liza Soberano,1
Arjun Kapoor,1
Tony Ka Fai Leung,1
Cole Allen,1
Michael Saquella,1
Alexandra Bokova,0
Anne-Élisabeth Bossé,1
Elisabeth Moss,5
Ben Schwartz,5
Zhi-zhong Huang,5
Shea Whigham,1
Robert Pralgo,0
Guangtao Jiang,5
Scott Pryor,1
Dan Belcher,0
Kristina Klebe,1
Augie Tulba,0
Nicky Whelan,0
Billy Hartmann,0
Shannon Bond,0
Onyama Laura,0
Christina Roz,0
Siyabonga Mabaso,0
