writer,writer_score
Stephen King,5
Henry De Vere Stacpoole,1
Leigh Brackett,5
Jim Abrahams,5
Brian Doyle-Murray,1
Victor Miller,5
Dan Aykroyd,5
Jake LaMotta,1
Jerry Siegel,5
Bill Bryden,1
Stanford Sherman,1
Jamie Uys,1
Jules Feiffer,1
Judith Guest,1
Brian De Palma,1
Richard Matheson,1
Christopher Gore,1
Patricia Resnick,5
John Carpenter,5
Bruce Jay Friedman,5
William Friedkin,1
Michael Cimino,0
Thomas Hunter,1
Richard Christian Danus,1
Aaron Latham,1
Paddy Chayefsky,1
Kimi Peck,1
Adam Kennedy,0
W.D. Richter,0
Paul Schrader,1
Alan Ormsby,1
William Gray,1
Hal Needham,5
David Eyre,0
Neil Simon,5
Nancy Meyers,5
Floyd Mutrux,0
Robert Jaffe,1
Samson Raphaelson,1
Thomas Rickman,5
Brian Clemens,1
Jonathan Hardy,0
Lawrence B. Marcus,1
Hunter S. Thompson,0
Allan Scott,1
Tommy Chong,5
Peter Benchley,5
Ulli Lommel,0
Mel Brooks,1
David Butler,0
Woody Allen,5
Bo Goldman,0
Bronte Woodard,0
Dennis Hackin,1
Federico Fellini,1
Tim Conway,0
Gordon Thomas,0
Rod Browning,1
Leigh Chapman,1
Ken Pettus,0
Don Tait,1
Joel Oliansky,1
Eleanor Bergstein,5
Gösta Stevens,1
Lewis John Carlino,5
Anne Bancroft,1
Valentin Chernykh,0
Rudy Dochtermann,1
Cyra McFadden,1
AJ Carothers,1
Guy Thomas,1
Charles M. Schulz,1
Marty Feldman,1
Big Boy Medlin,1
Jay Presson Allen,1
Ernest K. Gann,1
Damon Runyon,1
Jean Gruault,0
Franco Rosso,1
Ray Goldrup,0
Gary Sherman,1
Barry Siegel,1
Martin Donovan,5
Hans Christian Andersen,0
Josh Greenfeld,1
David Shaber,1
Jean Poiret,5
Chuck Barris,1
Anne Beatts,1
Hollis Hodges,1
Buck Henry,1
Hsin-Yi Chang,0
Lawrence Kasdan,5
John Landis,1
Sam Raimi,5
Bob Clark,5
Beverley Cross,1
Thomas Malory,1
Terry Hayes,1
Wolfgang Petersen,1
Len Blum,5
Andrzej Zulawski,1
Brock Yates,5
Frank Hohimer,1
Scott Spencer,1
Michael Palin,1
Alan Alda,5
Ron Kurz,1
David Cronenberg,0
Richard Maibaum,5
Darryl Ponicsan,1
Warren Beatty,0
Ernest Thompson,5
Daniel P. Mannix,5
Colin Welland,5
Kurt Luedtke,1
Tom Rowe,1
Yabo Yablonsky,1
Steve Gordon,5
Wallace Shawn,1
Rudy De Luca,1
Jeff Millar,0
Gary Brandner,1
Hal Barwood,0
Newton Thornburg,0
Gérard Brach,1
David Seltzer,5
Christina Crawford,1
Dan Greenburg,1
David Mamet,5
E.L. Doctorow,0
Glenn M. Benest,1
Steve Tesich,0
David Williamson,1
Peter Hyams,0
Michael Kane,1
Blake Edwards,5
Dardano Sacchetti,0
Peter Straub,1
Stephen A. Miller,1
Lawrence J. Block,1
Armyan Bernstein,0
John Fowles,1
Tom Patchett,5
John Gregory Dunne,1
Michael Crichton,5
William Diehl,5
Thomas Berger,1
Margaret Kelly,1
Ken Follett,1
Whitley Strieber,0
Mickey Rose,1
Marc Brandel,1
Daniel Odier,1
Alan Scholefield,1
Heywood Gould,5
Hal Dresner,0
Fred Bauer,0
Stanley Shapiro,5
Bob Bonney,1
Jean Rhys,1
Anne Marisse,0
Ken Shapiro,1
Dennis Potter,0
Ronni Kern,0
Ivan Goff,5
John Byrum,0
Ruth Avergon,1
James Bruner,1
Luis Valdez,1
Gerald Ayres,1
Francis Veber,1
Lonne Elder III,1
Albert Brooks,1
John Hill,0
Gary DeVore,1
Barry Schneider,1
William D. Wittliff,1
Brian Clark,0
Robin Moore,0
J.D. Reed,0
Howard Kohn,0
Edward Clinton,0
Charlie Peters,5
David Barry,0
Byron Quisenberry,0
Mary Rodgers,5
Robert Littell,1
Wolfe Lowenthal,1
Bulle Ogier,1
Olive Frederickson,1
Cameron Crowe,5
Hampton Fancher,5
Bill Lancaster,1
Robert E. Howard,1
Melissa Mathison,5
David Morrell,5
Douglas Day Stewart,5
Ken Finkleman,1
Carol Sobieski,1
Steven Spielberg,5
Roger Spottiswoode,5
Gene Roddenberry,5
Stuart Gillard,1
Boaz Davidson,1
William Styron,1
John Briley,0
Don McGuire,5
Steven Lisberger,1
Robert C. O'Brien,1
Paul D. Zimmerman,0
Sylvester Stallone,5
Don Coscarelli,1
A.B. 'Banjo' Paterson,1
Roger Waters,1
DeWitt Bodeen,0
Ingmar Bergman,1
Martin Kitrosser,5
Alex Lasker,1
Tommy Lee Wallace,1
David Odell,1
Barry Reed,1
Dick Randall,1
Bruce Rubin,1
Mike Marvin,1
John Irving,5
Barry Levinson,0
Larry L. King,1
Lowell Ganz,5
Randal Kleiser,1
Peter S. Beagle,1
Frank De Felitta,1
Mark Rosman,1
Anthony Shaffer,0
Tom Karnowski,1
David Engelbach,1
Joseph Fraley,1
Bob Kachler,0
Robert Towne,5
Carl Reiner,1
Costa-Gavras,1
Eric Bergren,0
David Schmoeller,1
John Steinbeck,0
Ira Levin,5
S.E. Hinton,1
Jason Williams,0
Mickey Spillane,1
Paul Mazursky,1
Michael Elias,1
Norman Steinberg,1
Robert Benton,1
Alan J. Adler,1
Barry Sandler,1
Clancy Carlile,1
Tom Holland,1
Ed Graczyk,0
George Markstein,0
Thomas Baum,1
Deric Washburn,0
Bruno Barreto,1
Sandy Howard,1
Valerie Curtin,1
Al Schwartz,0
Brian Taggert,1
Robert De Laurentiis,1
John Hughes,5
Henry Rosenbaum,1
Israel Horovitz,1
Richard Maxwell,1
James Glickenhaus,1
Charles McCarry,0
Fred Mustard Stewart,1
Robert Kramer,1
Monica Mcgowan Johnson,0
Franklin Thompson,1
David Wagoner,1
John McGreevey,0
Judd Klinger,1
Cheech Marin,1
Maurice Peterson,1
Frank D. Gilroy,0
Jean-Claude Carrière,1
David Randolph,1
Robert Boris,1
Joe Gores,1
Jamaa Fanaka,1
Paul Mooney,5
John W. Dunn,1
Jack-Alain Léger,1
Anne Piper,0
Francesco Maria Piave,1
Thomas Hedley Jr.,5
Robert Katz,1
Yoshimitsu Banno,0
Joseph Barbera,1
Anne Gerard,0
John Wintergate,0
June Roberts,0
Peter Markle,1
Paul Cox,1
Oliver Stone,5
Kathleen Rowell,1
Paul Brickman,5
Timothy Harris,5
Nik Cohn,1
Robert Hiltzik,0
Lawrence Lasker,5
Philip Kaufman,0
David Smilow,1
Jeffrey Boam,5
George MacDonald Fraser,1
Andrew Lane,1
Larry McMurtry,5
Kevin McClory,1
Jean Shepherd,1
Harry Julian Fink,5
James Costigan,1
Dan O'Bannon,5
François Truffaut,1
Bill Forsyth,0
Richard Di Lello,1
Nora Ephron,5
F. Paul Wilson,0
Joe Roberts,1
Jack Rosenthal,1
Ralph Bakshi,0
Martin Davidson,1
Graham Chapman,1
Andrei Tarkovsky,1
Stuart Birnbaum,1
Howard R. Cohen,1
Roger Swaybill,1
Ray Bradbury,0
Horton Foote,1
Teresa Carpenter,0
Martin Cruz Smith,1
B.J. Nelson,1
Rodney Dangerfield,5
Lourens van der Post,1
Bill Norton,0
Linda Shayne,1
Bruce Joel Rubin,5
George Gipe,1
Robert Vincent O'Neil,1
William Roberts,1
Joe Gayton,1
Howard Avedis,1
William Neely,1
Menahem Golan,0
John Herzfeld,1
Aaron Butler,1
Stewart Harding,1
Jon Cleary,1
Farley Mowat,1
W.S. Gilbert,1
Patrick Loubert,0
Luigi Cozzi,1
Willy Russell,1
Joan Tewkesbury,1
Ron Shelton,5
David Ambrose,1
Carol Amen,1
Robert Ludlum,5
James R. Silke,1
Alice Hoffman,0
Tito Carpi,0
Thomas Meehan,1
Marshall Houts,1
Leslie Arliss,0
Juan Zanotto,1
Chauncey G. Parker III,0
Topper Carew,1
Graham Greene,0
Michael Leeson,1
Harold Robbins,0
Roderick Taylor,0
Ronald Harwood,5
Pat Conroy,5
Marjorie Kinnan Rawlings,0
Christopher Crowe,1
James McLendon,0
David S. Ward,1
Amy Robinson,0
Ruth Prawer Jhabvala,0
Dana Olsen,1
Ken Friedman,1
Amy Holden Jones,1
Danny Opatoshu,0
Lloyd Phillips,0
Bill Condon,5
Walter Farley,1
William Olsen,1
John Sayles,1
Gwen Davis,0
Marshall Brickman,1
Henry Bean,1
James Toback,1
Jeffrey Price,5
Bernard Slade,1
Russell W. Colgin,0
Erich Segal,1
Franco Solinas,0
Trevor Preston,1
Karen Jaehne-Lathan,0
Ken Barnett,0
Charles Burnett,1
Kevin Sellers,0
Ernest Tidyman,1
Herbert Kastle,0
Mark Pirro,0
Ray Connolly,0
Donald G. Payne,1
Tom Logan,0
James Cameron,5
Frank Herbert,0
Robert Mark Kamen,5
Harry Grey,0
Neal Israel,5
Willard Huyck,5
Robert J. Avrech,0
Wes Craven,5
Peter Shaffer,1
Daniel Petrie Jr.,5
Kevin Reynolds,1
Dean Pitchford,5
Tim Metcalfe,5
Chris Columbus,5
Diane Thomas,5
Walter Hill,0
L.M. Kit Carson,1
Christopher Guest,1
Michael Radford,1
Jonathan R. Betuel,1
Brian Grazer,5
Joel Coen,5
Bernard Malamud,1
Bob Israel,1
Hayao Miyazaki,5
Steve Greene,1
Eric Hughes,1
Robert Bolt,0
Parnell Hall,1
Jean-Loup Dabadie,1
Earl Mac Rauch,1
Alex Cox,0
Arthur C. Clarke,1
Bruce Robinson,0
William Kennedy,0
Bruce A. Evans,1
Thom Eberhardt,1
David Loughery,5
Michael Janover,0
John Derek,1
Jim Jarmusch,5
Stewart Raffill,1
E.M. Forster,5
Albert Magnoli,5
Peter Prince,1
David Newman,0
Arthur Silver,1
Edgar Rice Burroughs,1
Michael Cristofer,0
Just Jaeckin,1
Charles Parker,5
William Wharton,0
Angela Carter,1
Luca Bercovici,0
Rusty Lemorande,1
Steve Kloves,5
Paul Caimi,1
Vincent Patrick,1
Edwin Davis,1
Ken Hixon,1
Stu Krieger,5
Richard Tuggle,1
Phil Alden Robinson,5
Neal Marshall,1
Jim Kouf,5
Nancy Dowd,0
Steven Hager,1
W. Somerset Maugham,0
Dan Gordon,0
John C. Broderick,1
R. Lance Hill,1
Ron Koslow,0
Cesare Frugoni,0
W.R. McKinney,1
Tengiz Abuladze,0
Robert Dillon,0
Everett De Roche,1
Charles Fuller,1
David Taylor,1
Malcolm Lowry,1
Chip Proser,1
George LaFountaine,0
Loring Mandel,1
Philip John Taylor,0
Larry Anderson,1
Craig Bolotin,5
Robert Grossbach,1
Jonathan Reynolds,0
Mark Buntzman,1
Ann Biderman,1
Ed. Weinberger,1
Alan Rudolph,0
Gene Quintano,1
Éric Rohmer,1
Preston Sturges,1
Nicholas Kazan,1
Ron Nyswaner,5
Larry Grusin,1
Rick Natkin,1
Paul McCartney,0
Bud Shrake,1
Charles Dennis,0
Henry James,1
Desmond Nakano,0
Allan Burns,1
Janice Lee Graham,1
Jeffrey Alan Fiskin,0
Luigi Pirandello,0
Florence Montgomery,1
James Bridges,0
Mary Agnes Donoghue,1
Alan Bennett,0
Larry Cohen,5
Andrew Bergman,1
Daniel Petrie,1
Lawrence Dane,1
Bobby Roth,1
Bob Champion,1
Pierre Bost,1
Bill C. Davis,1
Chip Hand,0
Lawrence Bassoff,1
Arnold Somkin,1
Ken Cameron,0
Frank Cucci,0
Alan Janes,1
Adam Brooks,5
Donald Paonessa,0
Gene Taft,0
Gérard Lauzier,1
Robert Zemeckis,5
Gerald Petievich,1
Tom Benedek,5
Anna Hamilton Phelan,1
William Hjortsberg,0
Rudy Ricci,1
Joel Schumacher,1
Terry Gilliam,1
Michael Butler,1
Jeph Loeb,5
William Kelley,5
Menno Meyjes,5
Savage Steve Holland,1
Akira Kurosawa,5
Edward Khmara,0
Eric Luke,0
Gerard Soeteman,0
Joseph Minion,1
Gregory McDonald,5
David Chaskin,1
Jeremy Stevens,1
Colin Wilson,0
Phil Hartman,1
Karen Blixen,5
George A. Romero,5
Dennis Feldman,5
Fred Dekker,5
Lloyd Alexander,0
Djordje Milicevic,0
H.P. Lovecraft,0
George Barr McCutcheon,1
Louis Venosta,5
Mark Rosenthal,5
Leora Barish,1
Amy Spies,1
Terry Davis,1
Joe Eszterhas,5
Barry Longyear,0
Jette Rinck,1
Keith Critchlow,1
Dimitri Villard,1
Gordon Mitchell,1
Jackie Chan,1
Steve Bloom,0
James Goldman,1
Noel Black,1
Manuel Puig,1
Hanif Kureishi,1
Arthur Conan Doyle,1
Joyce Carol Oates,0
Robert Daley,1
Richard Condon,1
Craig Harrison,1
Jûzô Itami,1
William Malone,0
See-Yuen Ng,1
Arnold Schulman,0
Max Schott,1
Charles Purpura,1
Jeanne Rosenberg,1
Paul G. Hensler,1
Don Jakoby,1
H. Rider Haggard,0
Paul De Mielche,1
Rospo Pallenberg,1
Robert Lindsey,1
Jane Rule,1
Cary Medoway,1
Reidar Jönsson,1
Jane Bernstein,0
Lindsay Harrison,1
Stephen Gyllenhaal,1
Ben Zelig,1
Luc Besson,5
John McTiernan,1
Sam Shepard,1
Clifford Green,1
Ethan Coen,5
Charles Robert Carner,1
Robert Getchell,1
John Pielmeier,1
Hugh Wilson,1
Susan Shadburne,1
Elmore Leonard,5
Lloyd Fonvielle,0
Griff Rhys Jones,1
Reuben Bercovitch,1
David Hare,5
Andrew Birkin,1
Steve Bing,1
John Katzenbach,0
James Gregory Kingston,1
Aída Bortnik,1
Ralph Farquhar,1
Larry DiTillio,1
Jeremy Leven,5
Abdulah Sidran,1
Jeffrey Scott,0
Jack Finney,0
Paul Donovan,1
Peter Sauder,1
Albert Pyun,1
Shelagh Delaney,1
Dick Clement,5
Michael Ventura,0
Richard Brooks,0
Dylan Thomas,1
Nicholas Gage,1
Martin Stellman,5
Steven Horowitz,1
Susan Isaacs,5
Jean Chalopin,1
Alice Arlen,0
Coline Serreau,5
T. Michael Harry,0
Adam Friedman,1
Jovan Acin,0
Michael Jacobs,1
Ray Lawrence,0
Ronald Bass,5
István Szabó,1
Charles Davis,0
Peter Maas,1
Charles Grodin,1
Philippe Nicaud,1
Fionnula Flanagan,0
Russell Hoban,1
Ruggero Maccari,0
Renée Missel,0
Sig Shore,0
Élisabeth Rappeneau,0
Mordecai Richler,0
Roy Kissin,0
Cary Parker,1
Heywood Kling,1
Ronald Hugh Morrieson,0
Pascal Bonitzer,1
Brian Gilbert,0
Robert Geoffrion,1
Mehdi Charef,0
Kenneth Eastaugh,0
Petru Popescu,0
Caroline Huppert,0
Jim Cash,5
Paul Hogan,5
Dennis Lee,0
Gregory Widen,5
Gary Goldman,0
David Lynch,0
Thomas Harris,5
Steve Gerber,0
George Langelaan,1
Howard Ashman,1
Paul Theroux,0
Neal Jimenez,0
Elizabeth McNeill,0
S.S. Wilson,1
Umberto Eco,1
Walter Tevis,1
Angelo Pizzo,1
James Carabatsos,1
Mark H. Baker,1
Paula Gosling,0
Jerry Leichtling,1
Lizzie Borden,1
Steve Martin,5
Tom McLoughlin,1
David Giler,1
Philippe Djian,1
Domonic Muir,1
Kevin Alyn Elders,1
Richard Fire,1
Neil Jordan,1
Eric Red,1
Sam Bernard,1
Judy Freudberg,5
Luciano Vincenzoni,1
Peter Young,1
Dale Launer,5
Ron Friedman,0
Ezra Sacks,1
John Carl Buechler,1
Elliott Lewitt,0
Nick Castle,5
E. Max Frye,1
John Fusco,5
Jean M. Auel,0
Spike Lee,5
Lawrence Block,1
Carol Black,1
Mark Victor,1
Leos Carax,0
Charles Edward Pogue,1
Masanori Hata,1
Derek Jarman,1
Mark Medoff,1
Richard Blake,0
Pedro Almodóvar,5
René Fauchois,1
Danilo Bach,5
John Brownjohn,0
Chris Bryant,0
Harry Shearer,0
Claude Berri,1
Stephen Volk,1
Robert T. Megginson,1
Ronald Shusett,0
Lucy Irvine,0
George Gallo,5
Walon Green,0
Rhet Topham,1
Shel Lytton,0
David Franzoni,5
Bill Phillips,1
Edwin Blum,1
Stephen Tobolowsky,1
Raymond Briggs,1
Gail Morgan Hickman,1
Diana Henstell,1
Tom DeSimone,1
Leo Garen,0
Donald P. Borchers,1
Garry Marshall,1
Ted Nicolaou,1
Thomas Michael Donnelly,1
William Mastrosimone,1
Leonard Michaels,1
Gene Wilder,0
Marie Rivière,1
James Orr,1
Paul De Meo,1
Robert Gosnell,1
Laurie Craig,1
Kevin Tenney,1
Michael Frayn,0
Ivan Reitman,5
Lee David Zlotoff,1
Rocco Urbisci,1
Michael Patrick Goodman,1
Evan Archerd,1
James Cresson,1
Beth Henley,1
Becky Johnston,1
David Parker,0
Janis Allen,1
Colin MacInnes,1
Jeffrey Delman,1
James Booth,1
William Goldman,0
Barney Cohen,0
Tony Kayden,1
Emilio Estevez,1
John Kohn,0
David Himmelstein,0
Mark Feldberg,1
David Beaird,1
W.E. Johns,0
Edward Behr,1
Moshé Mizrahi,1
Denys Arcand,1
Mark Griffiths,1
Douglas Bowie,1
Alan Friedman,1
David Rayfiel,0
Naomi Foner,0
Bill Sherwood,0
Steve Zacharias,1
George Arthur Bloom,1
Bob Weinstein,1
Marsha Norman,1
Wayne Crawford,1
Paul Nicholas,1
Ross Macdonald,0
Milton Wexler,1
Thom Keyes,0
Bertrand Blier,1
Jon Boorstin,1
Scott Fields,1
Julian Bond,1
Leon Isaac Kennedy,1
Renny Harlin,0
Linda Remy,1
Eliseo Subiela,0
Kent Stowell,1
Bruce Beresford,0
Henning Carlsen,1
Malcolm Barbour,1
T.L. Lankford,0
Tom Kempinski,1
John Sheppard,1
Richard Wesley,0
Deran Sarafian,0
Leo Fong,0
Claude Lelouch,0
Jan Fischer,1
Stanley Kubrick,5
Jim Thomas,5
Edward Neumeier,5
David Simkins,1
Shane Black,5
Kathryn Bigelow,1
Edward Rugoff,1
James Dearden,5
Clive Barker,1
Tom Stoppard,1
Kenneth Fearing,1
John Updike,1
John Patrick Shanley,5
Stanley Weiser,1
Mitch Markowitz,5
Michael Swerdlick,5
Leslie Dixon,5
Gary Conway,0
Mark Peploe,1
Bret Easton Ellis,1
Wim Wenders,5
James L. Brooks,5
William Dear,1
Carolyn Lefcourt,1
Tab Murphy,5
Virginia C. Andrews,1
Mick Garris,5
Edmond Rostand,1
Stu Silver,1
Michael Barrie,1
Helene Hanff,1
Michael Nankin,1
John R. Cherry III,1
Robert Altman,0
Anne Holden,1
Charles Bukowski,1
Louis Malle,1
Andrea Dunbar,1
John Boorman,1
Dick Wolf,0
Elaine May,0
Norman Mailer,0
Linda Palmer,1
Eleonore Adlon,1
Richard Christian Matheson,0
Alberto Piferi,0
William Phelps,1
Nicholas Conde,1
Brian Garfield,0
A.J. Quinnell,5
Richard Sale,1
James Komack,1
Howard Franklin,0
Andrew Smith,0
John Milius,0
Martin Andersen Nexø,1
Eric Roth,5
George Axelrod,1
Janice Karman,1
Tamar Simon Hoffs,1
Ron Oliver,1
Joe Menosky,1
Manya Starr,1
Denis Hamill,1
Simon Gray,0
Lorne Cameron,5
Doug Lefler,0
Clark Howard,1
Irwin Yablans,0
David Leland,0
René Laloux,1
David Freeman,0
David Berry,1
John Lahr,1
Frank Deese,0
Avi Kleinberger,1
Marilynne Robinson,1
Jack Higgins,0
Don Keith Opper,0
William P. Wood,0
Mario Puzo,1
Michael Hickey,0
Dave Eisenstark,0
Warren Chaney,0
George R.R. Martin,1
Bill Svanoe,1
Patrice Chaplin,1
James Fox,0
China Kong,0
Dom Irrera,1
James Joyce,1
Nicholas Proffitt,1
Tom Topor,1
Robert Klane,1
Rudy Wurlitzer,0
Christopher Frank,0
Floyd Byars,1
Bill Froehlich,1
Michael Hoffman,1
Marc Shmuger,1
Maria Elena Cellino,0
Leslie Ray,1
Nicholas St. John,0
Daniel Taplitz,0
Paul Garson,0
Richard Martini,1
Charles Dickens,5
John Duigan,1
Peter Greenaway,1
Joel Cohen,5
Robert Kosberg,0
Jerry Belson,1
Alan Hines,1
Andrey Konchalovskiy,1
Diane Kurys,1
Bigas Luna,0
Aleksandr Adabashyan,1
Stephen Carpenter,0
Peter Del Monte,1
Sheldon Lettich,1
John Gatliff,1
Lisa M. Hansen,1
Tennessee Williams,1
Yurek Bogayevicz,1
Roderick Thorp,5
Michael McDowell,5
Gary Ross,5
Barry Morrow,5
Ray Nelson,1
George Lucas,5
Daniel Waters,0
Eddie Murphy,5
Gary K. Wolf,5
Katsuhiro Ôtomo,1
Giuseppe Tornatore,1
Chris Gerolmo,1
Don Mancini,5
William Davies,5
Jerry Zucker,5
John Cleese,1
Kevin Wade,5
Nikos Kazantzakis,1
Barry Strugatz,1
Christopher Hampton,1
Julie Brown,0
John Waters,0
Milan Kundera,0
Theodore Simonson,0
Jim Cox,1
Zalman King,1
Iris Rainer,1
Anne Tyler,1
Charles McKeown,0
Charles Chiodo,0
Dhani Lipsius,1
Sam Egan,0
Andrew Davis,1
Mitch Glazer,1
Keenen Ivory Wayans,5
Ed Justin,1
Daryl Haney,1
Neil Tolkin,1
Peter Atkins,1
Roman Polanski,0
Michael Schiffer,5
Jerico Stone,0
John Bryson,0
Ken Russell,0
Ken Wiederhorn,1
Astrid Lindgren,0
Eliot Asinof,0
Ramón Menéndez,1
Joe Augustyn,1
Lanier Laney,1
David Saperstein,1
Anthony Hickox,0
Jay Cronley,0
Jeffrey Lau,1
Wade Davis,1
William Richert,1
Larry Ferguson,1
Dori Pierson,1
Michael Stewart,0
Ellen Green,1
Emir Kusturica,0
Robert Reneau,1
Jay McInerney,0
Harv Zimmel,1
Frank LaLoggia,0
Harold T.P. Hayes,1
Rockne S. O'Bannon,1
Steve De Jarnatt,0
Colin Shindler,1
Paul Reubens,1
Tim Kazurinsky,1
Agatha Christie,0
Rupert Walters,1
David Twohy,1
Terry Black,0
Stephen Singular,0
James Oliver Curwood,1
John Nichols,0
Josh Goldstein,1
Larry Ketron,0
William C. Anderson,1
Wendy Goldman,1
Rowdy Herrington,0
Steven Kampmann,1
Mira Nair,1
Yahoo Serious,1
John Dixon,1
Andy Breckman,1
R.J. Stewart,0
Mike Leigh,1
Reine-Marie Paris,1
Harvey Fierstein,1
Deborah Blum,0
Catherine Breillat,1
Robert Abramoff,0
Dean R. Koontz,1
Amos Poe,0
Philip Yordan,1
R.J. Robertson,0
Rex Burns,1
Claire Denis,1
Ken Kolb,0
Gary Murphy,1
Andrew Fleming,1
Catherine Storr,1
Rod Amateau,0
James Ellroy,5
Paul Golding,0
Mike Figgis,0
Matthew Chapman,1
Ben Hecht,0
Tod Carroll,1
Susan Sandler,1
Spencer Eastman,1
Stephen Neigher,1
Frank Deford,0
Robert Cormier,1
Richard Brandes,0
Tom Ropelewski,0
Tracy Tormé,0
Patricia Hearst,1
Evelyn Waugh,1
Mark Kasdan,1
John Galsworthy,0
Andrew Deutsch,1
Richard Adams,1
Jarre Fees,0
Michael Blodgett,1
Michael Kaplan,0
Terence Davies,1
Ed Turner,1
Charles G. Booth,0
Oscar Wilde,1
Bill Fishman,0
Michael Bortman,0
Bob Kane,5
Chris Matheson,1
W.P. Kinsella,5
Tom Schulman,5
John Musker,5
Stuart Gordon,5
Dennis Shryack,1
Steven Soderbergh,1
Robert Harling,5
Randy Feldman,0
Ron Kovic,5
Kevin Jarre,5
Michael G. Wilson,5
Richard Smith,0
Earl Barret,1
Daniel Lang,0
John Bishop,0
Shane Connaughton,1
Warren Adler,5
Patricia Louisianna Knop,1
Terry Rossio,0
David Chisholm,1
'Weird Al' Yankovic,1
Amy Heckerling,5
Don Bluth,1
David Webb Peoples,5
Phillip Rhee,0
Mark DiSalle,1
Ava Ostern Fries,0
Alfred Uhry,5
James Fogle,1
Daniel Jay Franklin,1
Lewis Abernathy,1
Richard Price,1
Steven Siegel,5
William Shakespeare,5
Seth Winston,1
Rob Hedden,1
Robin Menken,1
Choderlos de Laclos,1
Michael Thomas,0
Michael Jenning,1
Fay Weldon,1
Blaze Starr,0
Michael Tolkin,0
Terry Jones,1
Larry Brothers,1
Robin Schiff,1
John Dahl,0
John Varley,1
Perry Howze,1
Jon Connolly,1
Hubert Selby Jr.,1
Harold Nebenzal,0
Myra Lewis,1
Jean-Charles Tacchella,1
Ryôzô Kasahara,0
Neil Cuthbert,0
John Godey,0
Robert Conte,1
Albert Z. Carr,1
John Eskow,0
P.F. Kluge,1
Michael Varhol,0
Christopher Hawthorne,0
Stephen Metcalfe,1
Michael Short,0
Leonard Glasser,1
Craig Lucas,1
Martha Moran,1
Anne Rivers Siddons,0
André P. Brink,0
Gaston Leroux,5
Steven Greene,1
Shimon Arama,1
Hal Hartley,0
Wesley Strick,5
Allyn Warner,0
Richard Curtis,5
Lloyd Kaufman,0
Robert Foster,0
Mark Spragg,0
Hisashi Nozawa,0
David Rich,0
Gerard Lee,1
Damian Harris,1
Bob Woodward,1
Michael Weller,1
Allan A. Goldstein,1
Ken Wheat,0
Tama Janowitz,1
John Crowther,0
Ildikó Enyedi,0
Paul Bartel,1
Thomas McKelvey Cleaver,1
Pierre Schoendoerffer,0
Alan J. Pakula,1
Barbara Benedek,0
Bobbie Ann Mason,0
John Ehle,1
Isaac Bashevis Singer,0
Steve Ransohoff,0
Dan Lewandowski,1
J.P. Félix,0
Noreen Stone,0
Terrel Seltzer,5
Alan Moskowitz,0
Carlos Fuentes,0
Alan Caillou,1
Georges Simenon,1
Greg Taylor,1
Elizabeth Jane Howard,1
Neil Levy,0
Howard Brookner,0
Alistair MacLean,0
Monte Merrick,1
Scott B. Sowers,0
Fredric Brown,1
John Sacret Young,1
Patrick Sheane Duncan,5
Christopher Doherty,1
Nancy Savoca,1
Alan Ayckbourn,1
Jeremy Pikser,0
Blake Schaffer,1
Nicholas Pileggi,5
Philip K. Dick,5
J.F. Lawton,5
Michael Blake,5
Steven E. de Souza,5
Murray Salem,5
Kevin Eastman,5
Tim Burton,5
Tom Clancy,5
Chester Gould,5
Oliver Sacks,0
Margaret Atwood,1
Barry Gifford,1
Roald Dahl,5
Charles Williams,0
Scott Turow,5
Jim Harrison,5
William Golding,1
Patty Dann,1
Richard Linklater,5
Peter Filardi,5
William Peter Blatty,1
Stefani Warren,1
Scott Alexander,1
Jim Thompson,1
Reginald Hudlin,5
John Fasano,5
John A. Russo,1
Daniel Pyne,5
Carrie Fisher,1
Anaïs Nin,1
Steven McKay,1
Allan Moyle,1
Karin Howard,0
Kim Henkel,5
Alan Dershowitz,1
Robert Martin,0
Dennis McIntyre,0
Michael Grais,1
Catherine Cyran,1
Christopher Robbins,0
John Kostmayer,1
Mark L. Lester,0
David S. Goyer,5
Glenn Savan,1
Abbas Kiarostami,1
Steve MacManus,1
Philip Ridley,1
Chuck Pfarrer,0
Paul Bowles,0
Jonathan Tydor,0
Ian McEwan,5
Karen Leigh Hopkins,5
David Koepp,5
Boaz Yakin,5
Peter Weir,1
Whit Stillman,1
Agnieszka Holland,1
Arthur Miller,0
Anthony Minghella,1
Judith Rascoe,0
Alan Burnett,1
John le Carré,5
Dennis Marks,1
Peter Viertel,0
Jill Mazursky,0
Bob Logan,5
Step Tyner,0
Charles Willeford,1
Jim Sheridan,1
David Thoreau,0
Robert Resnikoff,1
Joseph Hayes,0
Heng Liu,0
Charles Beaumont,0
Claude Klotz,1
Charlie Cohen,1
Gary Paulsen,1
John Cork,1
William Harrison,0
Edgar Allan Poe,0
Evan S. Connell,1
Simon Brett,0
Sarah Bird,0
Brian Aldiss,5
Jonathan Lynn,1
Edwin Torres,1
Janet Frame,1
Pat Barker,0
Steven Long Mitchell,1
Brent Maddock,1
William Kotzwinkle,1
Jim Allen,1
Massimo De Rita,1
Patrick Read Johnson,5
Michael Lehmann,0
James Bond III,1
James D. Parriott,1
Louis Nucéra,1
Julian Mitchell,0
Andy Ruben,1
Olive Higgins Prouty,1
Telsche Boorman,0
Takeshi Kitano,1
Nat Mauldin,0
John Blumenthal,1
Gideon Amir,1
Alan Parker,0
Joel Silberg,1
Grant Morris,0
Jere Cunningham,0
Mitchel Katlin,1
Bob Greene,1
Prince,0
Mike Binder,1
Martha Goldhirsh,1
Jackson Barr,1
Stephen Peters,1
Mario Vargas Llosa,0
John DeMarco,0
Christian Vincent,0
Haruki Kadokawa,0
William McIlvanney,1
Bernt Amadeus Capra,1
Michael Verhoeven,1
John B. Harvie,0
Rick King,5
J.M. Barrie,5
John Singleton,5
John D. MacDonald,5
Charles Addams,5
Callie Khouri,5
Carlos Cuarón,1
Pen Densham,5
Randall Jahnson,0
Linda Woolverton,5
Fannie Flagg,5
Jim Garrison,5
Dave Stevens,1
Laurice Elehwany,5
Frances Goodrich,5
Neil Landau,1
Richard LaGravenese,5
Alexander Lee,0
Nancy Price,5
Gus Van Sant,1
Elizabeth Livingston,1
Bruce Willis,0
Peter Aykroyd,0
Alvin Sargent,1
William S. Burroughs,0
Roddy Doyle,1
Jenny Wingfield,1
Krzysztof Kieslowski,1
Thomas Lee Wright,1
William P. Kennedy,1
J.J. Abrams,5
Neil B. Shulman,1
Jean-Pierre Jeunet,1
Claude Magnier,0
Walter Doniger,0
Matt Williams,1
Stephen Glantz,0
Don Michael Paul,0
Betty Mahmoody,1
Stephen Coonts,0
Lem Dobbs,5
Kim Wozencraft,0
Scott Frank,5
Hotaru Okamoto,1
Sean Penn,1
Flint Dille,1
Terrence McNally,0
Stephen Poliakoff,1
David Stenn,0
Jack London,1
Peter Carey,0
Richard Neely,0
Tong Su,1
Frank A. Cappello,1
Mitchell Smith,1
Michael Mahern,0
Ezra Litwak,1
Marti Leimbach,5
Bob Comfort,1
David Hines,1
Peter Chelsom,1
Jerry Sterner,1
Lawrence J. Cohen,0
Bobcat Goldthwait,0
Brian Moore,1
Lars von Trier,1
Ed Rosenbaum,1
Tom DiCillo,1
Parker Bennett,0
Robert Townsend,0
Sooni Taraporevala,1
Brian Hohlfeld,1
Jean Genet,1
Emlyn Williams,1
Elizabeth von Arnim,1
Enzo Monteleone,1
David C. Wilson,1
Carolyn Shelby,1
Simon Moore,5
Christopher Marlowe,1
Robin Lyons,0
Calder Willingham,0
Frank Mugavero,1
Patrick Meyers,1
Atom Egoyan,0
William Reilly,1
Ziggy Steinberg,0
Andre Norton,0
Duncan Gibbins,0
Chester Himes,1
Kiyoko Murata,1
Sara Paretsky,1
Sam Simon,0
Jocelyn Moorhouse,1
Peter Matthiessen,0
Sarah Kernochan,1
Irwin Winkler,1
Joyce Selznick,1
Pascal Quignard,1
Jim Strain,0
Tony Spiridakis,1
Pierre Boileau,1
Michael Mewshaw,1
Pam Gibson,1
Max Dann,1
Frank Pesce,1
Julie Dash,1
Malia Scotch Marmo,0
Alfonso Cuarón,5
Sidney J. Furie,0
Gustave Flaubert,1
Nicholas Meyer,0
Bill Jesse,1
Michael Lindsay-Hogg,1
Max Frisch,1
Radha Bharadwaj,0
Avi Nesher,0
Robert Boswell,1
John Brancato,5
Maurice Pialat,1
Mark Andrus,5
Álvaro del Amo,1
Roberto Benigni,1
Richard Harris,1
Quentin Tarantino,5
James Fenimore Cooper,1
Bram Stoker,5
Aaron Sorkin,5
Kim Wilson,5
Giovanni Arpino,5
Steven Brill,5
Ron Clements,5
Paul Rudnick,5
Bob Dolman,5
John Lutz,1
Mike Myers,5
Norman Maclean,1
Richard Rothstein,0
Joss Whedon,5
David Robinson,0
Marguerite Duras,1
Amanda Silver,5
Bob Tzudiker,0
Alex Haley,1
Stephen Sinclair,0
Melissa Goddard,0
George Zaloom,1
Robert Rodriguez,5
Pascal Bruckner,0
Richard Outten,1
Zoë Lund,1
Mark Stein,5
Ernest R. Dickerson,1
Rémy Belvaux,1
Kenny Kim,1
Brad Mirman,0
John Dwyer,0
Tony Gilroy,5
Cuca Canals,0
A L Katz,1
Curtis Burch,1
David Mickey Evans,1
Baz Luhrmann,5
Virginia Woolf,1
Gary Scott Thompson,5
Geoffrey Wright,1
Rose Bosch,0
Rex McGee,1
Barry W. Blaustein,5
Bryce Courtenay,0
Manny Coto,1
Lou Illar,1
Blake Snyder,5
Michael Wolk,0
George Putnam,5
George Miller,5
Robert Berger,0
Billy Bob Thornton,5
Tom S. Parker,5
Troy Neighbors,0
Rodolfo Sonego,0
Edward Tang,1
Robin Harris,1
H.F. Saint,0
Rita Rudner,0
Robert Sheckley,0
Laura Esquivel,1
Janus Cercone,1
Leonard Wise,0
Erik Orsenna,1
Rebecca Charles,1
Damon Wayans,1
Bob Gale,0
Cindy Cirile,1
Jeff Benjamin,0
Laura Ziskin,0
Stephen Milburn Anderson,0
Claude Sautet,1
Ryû Murakami,1
Theo Pelletier,0
Jing Wong,0
Scott Sommer,0
Graham Swift,0
Marty Kaplan,0
Rafael Azcona,1
Tom Kalin,0
Tim Robbins,0
Mbongeni Ngema,1
Don Bloch,0
Sollace Mitchell,1
Michael Hitchcock,1
Alice McDermott,1
Allison Anders,1
Peter Silverman,0
Arnaud Desplechin,0
Nicole Conn,0
Ron Cutler,0
Oscar Hijuelos,0
Dominique Lapierre,0
Ming-liang Tsai,1
Don Roos,1
Billy Crystal,5
Barry Wong,0
Gregg Araki,1
Matthew Bright,0
Jean-Claude Lauzon,1
Gerald Kersh,0
Anthony Drazan,1
Friedrich Dürrenmatt,0
Carole Eastman,0
Nick Gomez,0
Pat Proft,1
Daniel Goldin,1
Shin'ya Tsukamoto,0
Jim Piddock,0
Frank Galbally,1
Mike Snyder,0
Louis Nowra,0
Meg Wolitzer,1
Barry Primus,1
Mark Herman,1
Ed Solomon,5
Colin Nutley,1
Tin-suen Chan,0
Jacques Dorfmann,1
Grace Cary Bickley,0
Thomas Keneally,5
J.D. Shapiro,1
Chazz Palminteri,0
Peter Hedges,1
David Kirschner,1
Anne Fine,5
Jeb Stuart,5
Peter M. Lenkov,1
Hank Ketcham,5
Ebbe Roe Smith,1
John Grisham,5
Zak Penn,5
Danny Rubin,5
Jeff Arch,5
John Long,5
Jane Campion,1
Sam Harper,5
Ross Thomas,0
Gerry Conlon,5
Piers Paul Read,1
Jack Engelhard,5
Jeff Maguire,5
Edith Wharton,0
Allen Hughes,1
Michael Shaara,0
Alexandre Dumas,5
Sheila Burnford,1
Frances Hodgson Burnett,1
Keith Walker,5
Kazuo Ishiguro,1
Travis Walton,1
Lynn Siefert,5
Stephen Levy,0
Barry Berman,1
Tom Davis,0
Robbie Fox,0
Alan Shapiro,1
Don Holley,1
Tobias Wolff,1
Mark Steven Johnson,5
John Lee Hancock,5
Mark Jones,1
Tina Turner,1
Raymond Carver,1
Patrick J. Clifton,1
John Penney,0
Fred Waitzkin,0
Jay Huguely,1
Paul Henning,1
Roger Avary,1
Guillermo del Toro,5
Philippe Caland,1
Hilary Henkin,0
Jürgen Büscher,1
Bill Apablasa,1
Carol Heikkinen,0
Tim Krabbé,1
Isabel Allende,0
Ian Abrams,1
Bernardo Bertolucci,0
Robert Clouse,1
Amy Tan,1
Tom Sierchio,1
Tim Burns,0
Jonathan Marc Feldman,1
Gregory Hansen,0
Jane Austen,5
John Guare,0
Isabelle Holland,1
Pik-Wah Lee,1
Michael Frost Beckner,0
Lewis Colick,0
William Nicholson,5
David Atkins,0
A.E. Hotchner,0
Rafael Yglesias,1
Christian Clavier,1
Mark Twain,1
Marcia Brandwynne,5
David Henry Hwang,1
David O'Malley,1
Chris Rock,1
Paul W. Shapiro,0
Le Ly Hayslip,0
Rae Lambert,0
Sy Richardson,1
Daniel Vigne,5
Tom Robbins,0
Marc Lawrence,5
Max Strom,0
Richard Williams,0
Dean Lorey,0
Kevin Rock,1
Anh Hung Tran,1
Jan Sharp,1
Tan Cheung,1
Desmond Lowden,1
Alex S. Kim,1
Christopher Coppola,0
Ang Lee,1
Patrick Hasburgh,0
Scott McGehee,1
Dana Stevens,5
Howard Frank Mosher,1
Barry Michael Cooper,1
John Lafia,1
John Brosnan,1
Amy Schor Ferris,0
Arne Olsen,1
Ishirô Honda,5
Nanni Moretti,1
Dan McCall,1
Mark Bowden,5
Daniel Algrant,1
Maurice Richlin,0
Tin Nam Chun,1
Roger Hedden,0
Michael Lessac,1
Gurinder Chadha,5
Eric Idle,1
Garson Kanin,1
Bernard Taylor,0
Susan Cooper,0
Wallace C. Bennett,0
Rusty Cundieff,1
Chuck Hughes,0
Mary McGarry Morris,1
Richard Nelson,1
Warren Leight,0
Winston Groom,5
Claude Zidi,5
Irene Mecchi,5
Michael Fallon,5
Graham Yost,5
Dean Devlin,5
Penelope Spheeris,1
Peter Farrelly,5
Susan Shilliday,5
James O'Barr,1
Anne Rice,5
Jack Bernstein,5
Louisa May Alcott,1
Kar-Wai Wong,5
Fran Walsh,5
Kevin Smith,5
Andrew Kurtzman,1
Roy Huggins,5
Steve Barancik,1
Stephan Elliott,1
James Ferguson,0
Rudolph Grey,0
Dorothy Kingsley,1
Michael De Luca,1
Helen Childress,1
Denis O'Neill,1
Rich Wilkes,5
John Rice,0
Billy Ray,5
Alan Zweibel,0
P.J. Hogan,1
Jane Anderson,1
Diane Drake,1
Riwia Brown,1
Mary Shelley,5
Rudyard Kipling,1
Mark Verheiden,5
Leo Benvenuti,5
John Shirley,5
John Hodge,5
Albert S. Ruddy,5
Walter B. Gibson,1
Rama Laurie Stagner,0
Paul Attanasio,0
Eric Bernt,0
Mark Handley,5
Joe Batteer,1
Claude Chabrol,5
Lord Byron,1
William Porter,0
Paul Dini,0
Ariel Dorfman,0
Adam Leff,0
Antonio Skármeta,1
Richard Russo,1
Matthew Carlson,1
Rosalie K. Fry,1
Jeff Pollack,1
Gregory K. Pincus,1
Ed Horowitz,1
Joie Lee,0
David O. Russell,5
Wendy Kesselman,1
Valentine Davies,1
Richard Rich,0
Kathy McWorter,1
Adam Rifkin,5
John Mattson,1
Jim Burnstein,0
Andrew Wellman,1
Bobby Smith Jr.,1
Bernard Rose,1
Robert C. Thompson,0
Richard Herley,0
T. Coraghessan Boyle,0
Harry Goodridge,1
Tiziano Sclavi,0
Stephen Norrington,1
Louis Cha,1
Brian Owens,1
Chris Elliott,0
Anna Sewell,1
John Michael Hayes,1
Tony Griffin,0
Wei Lu,1
Jessie Nelson,1
Marie Weiss,1
Sang-ok Shin,0
Julia Sweeney,1
Sara Parriott,0
Roy Carlson,0
Bernie Somers,1
James Gray,1
Eric Knight,1
Franco Amurri,1
Robert A. Heinlein,1
Roger Angell,1
Iain Softley,1
Mildred Cram,0
Akiva Goldsman,5
Max Apple,1
Duane Dell'Amico,1
Michael Austin,1
George Huang,0
Tom Chaney,0
Nancy Brelis,1
George Eliot,1
Andrée Corbiau,1
Jimmy McGovern,1
Milcho Manchevski,0
Nikita Mikhalkov,0
Louis Pergaud,1
David Stevens,1
Trey Ellis,1
David Weisberg,5
Michael Hastings,1
Darlene Craviotto,0
Jesse Hartman,1
Terence Rattigan,1
Al Stump,1
Michael Mann,5
Andrew Kevin Walker,5
Randall Wallace,5
Jim Lovell,5
Christopher McQuarrie,5
Jonathan Hensleigh,5
Harmony Korine,1
John Lasseter,5
Ed Boon,5
Chris Marker,5
John O'Brien,5
Ice Cube,5
Peter Rader,5
Jim Carroll,1
Tim Herlihy,5
John Kamps,1
Ian Fleming,5
Laurence Dworet,5
Rafael Moreu,0
Mathieu Kassovitz,1
Joseph Oriolo,5
Douglas Carter Beane,1
Judd Apatow,5
Alan Martin,0
I. Marlene King,1
Carl Binder,5
Jymn Magon,1
LouAnne Johnson,5
Joyce Maynard,1
Samuel A. Taylor,0
Shirow Masamune,5
Daniel G. Sullivan,5
Bonnie Turner,1
Dick King-Smith,5
Helen Prejean,1
Sherwood Schwartz,1
William Gibson,0
John Wagner,1
Gilles Adrien,0
Joe Connelly,0
Victor Salva,5
Richard Hatem,5
Holly Goldberg Sloan,1
Debra Hill,5
Albert Hackett,1
Lilly Wachowski,5
Deborah Dean Davis,1
Alan Sharp,1
Ann M. Martin,1
Terry McMillan,5
Todd Solondz,1
Lynne Reid Banks,0
Walter Mosley,0
Whitney Otto,1
Noah Baumbach,1
Ethan Reiff,0
John Wyndham,0
Peter Dexter,5
Doug Richardson,0
David E. Peckinpah,1
Stephen J. Rivele,0
Patricia Rozema,1
Dusan Kovacevic,0
Cliff Ruby,1
Nathaniel Hawthorne,0
Roger Kumble,1
Scott Rosenberg,5
Patrick Braoudé,5
Todd Haynes,1
Karen Elise Baldwin,1
Andrew Davies,1
Michael Moore,0
Ian McKellen,1
Jorge Guerricaechevarría,0
Michael Part,0
Oliver Parker,0
Barry Glasser,1
Paul Auster,1
Eleazar Lipsky,0
James Mangold,5
Chris Radant,0
A.S. Byatt,0
Robert Kuhn,1
Jean Giono,1
Paula Milne,1
Rose Tremain,0
Tonino Guerra,1
Gregory Nava,1
Edward Burns,1
Dan Rosen,1
John Jordan,1
Ruth Rendell,1
Ifor David Monger,0
Tim Sullivan,1
Gary David Goldberg,1
Tobe Hooper,1
Chris Crutcher,1
Harry Birckmayer,1
James Morris,1
Seth Margolis,0
Don Tracy,0
Rachel Koretsky,0
James Herbert,0
Michael J. Di Gaetano,1
Barbara Turner,1
Lewis A. Green,1
Aaron Norris,0
Maria Maggenti,1
Barbara Williams,1
Beryl Bainbridge,0
Theodoros Angelopoulos,1
David Price,0
Phillip Borsos,1
Jérôme Beaujour,1
Rick Stevenson,1
David Frankel,1
Marleen Gorris,1
James Hadley Chase,1
John Wilcox,1
Jacques Fieschi,1
Preston A. Whitmore II,0
Melvin Van Peebles,1
Kevin Williamson,5
Lorenzo Carcaterra,5
Robert Kurtzman,1
Bruce Geller,5
Irvine Welsh,1
Dodie Smith,5
J.G. Ballard,0
Len Brown,1
Michael Ondaatje,5
Owen Wilson,0
André Cayatte,0
Tom Hanks,5
H.G. Wells,5
Barry Fanaro,5
Tony Puryear,5
Carl Hiaasen,5
Jon Favreau,5
Lou Holtz Jr.,5
Shawn Wayans,5
Paul Thomas Anderson,5
Jerry Lewis,5
Stanley Tucci,1
Olivia Goldsmith,5
Takashi Bufford,5
James DeMonaco,5
Charles Gieg Jr.,0
Arne Schmidt,1
Helena Kriel,1
Jens Dahl,1
Leslie Bohem,5
Ryûzô Kikushima,0
Cyril Hume,5
Mike Judge,5
Bill Lishman,1
John Norville,1
Chris Warner,0
Lee Falk,0
Peter Abrahams,0
Erika Holzer,1
Steve Buscemi,0
Paul Michael Glaser,0
Randy Kornfield,5
Jan Sardi,1
Fred Wolf,5
Gerald Di Pego,5
Louise Fitzhugh,1
Ricou Browning,0
Tim Rice,5
William M. Gaines,0
Jason Friedberg,5
Roy Frumkes,1
Scott McPherson,0
Chris Miller,0
Lech Majewski,0
Frank Dux,1
Robert Louis Stevenson,1
Lisa Krueger,0
Jonathan Harvey,1
Nick Villiers,0
Hossein Amini,5
Larry Bishop,0
Olivier Assayas,1
Cornell Woolrich,0
Kevin Brodbin,0
Joan Didion,1
George Dawes Green,0
Chris Hauty,5
John Payson,0
Robert Nathan,1
Charlotte Brontë,1
Eric Schaeffer,0
Eric Bogosian,1
Greg Mellott,1
Wayne Smith,0
John Hopkins,1
Don Rhymer,5
Greg Mottola,1
Rosellen Brown,0
Alexander Payne,5
Michael Palmer,0
Louise J. Kaplan,1
Martin Lawrence,1
Angus Fraser,1
Audrey Wells,5
Novalyne Price Ellis,0
Michael Goldenberg,5
Jason Katims,0
Farhad Mann,0
Reb Braddock,0
Tim Kelleher,1
Steven Baigelman,1
Sei Shonagon,1
Sherry Mills,0
Ken Lipper,0
Tony Hendra,1
Valerie Martin,0
E. Jack Kaplan,1
Nat Hiken,0
James Lee Burke,0
Edward Pomerantz,0
Jeremiah Newton,1
Charles Leavitt,5
Suzan-Lori Parks,0
Roy Blount Jr.,0
Eirik Ildahl,1
Denis Leary,1
James Marshall,0
Norm Hiscock,1
David Zucker,5
Andy Burg,0
Daniel Defoe,1
Jenaro Prieto,1
Phyllis Reynolds Naylor,1
Henry S. Villard,1
Arianna Huffington,0
Richard Feynman,1
Bill Geddie,0
Jeff Schechter,1
Cleveland O'Neal III,1
Steven Haft,1
Ken Richards,0
Vladimir Nabokov,0
Matt Damon,5
Andrew Neiderman,5
Vincenzo Cerami,5
James V. Hart,5
Lowell Cunningham,5
Andrew W. Marlowe,5
Philip Eisner,0
Mike Werb,5
Andrew Niccol,5
Lois Duncan,5
André Bijelic,1
Paul Guay,5
Joseph D. Pistone,5
Jay Ward,5
Susan Gauthier,5
Joan Taylor,1
John Berendt,0
Dan Schneider,5
Sadayuki Murai,1
Hans Bauer,5
Bruce Feirstein,5
Leslie Charteris,1
Simon Beaufoy,5
Todd McFarlane,1
Heinrich Harrer,5
John Ridley,5
Brian Helgeland,5
Jonathan Mostow,5
Danielle Alexandra,0
Kenneth Ross,5
James Patterson,5
Elisa Bell,1
David Brin,0
Donald A. Wollheim,0
Tom Jankiewicz,1
Spice Girls,1
Mary Norton,5
Leslie Cockburn,5
Jerome Armstrong,1
Jill Sprecher,1
Lance Young,1
Sue Miller,1
Alejandro Amenábar,5
Wayne Beach,0
Samuel W. Taylor,5
Trey Parker,5
Rick Moody,0
George Tillman Jr.,1
Majid Majidi,1
Douglas Preston,0
Rowan Atkinson,5
Larry Beinhart,1
David Baldacci,1
Hervé Palud,1
Troy Byer,1
Howard Stern,1
Arleen Sorkin,1
Russell Banks,1
Oren Aviv,1
David Michael Wieger,1
Steve Oedekerk,5
Louise Simonson,0
Kasi Lemmons,1
Kiyoshi Kurosawa,1
Kevin DiCicco,1
Jana Howington,0
Santo Cilauro,1
Shuki Levy,1
Gregory Poirier,0
Robert Gordon,5
Robert King,5
Theodore Witcher,1
Jane Smiley,0
Chris Brancato,0
Max D. Adams,0
Nick Hornby,5
Robert Farrar,0
Todd Graff,0
Josh McKinney,0
Ken Solarz,0
Martin Sherman,1
Scott Yagemann,0
Jeremy Brock,1
Nikolaj Frobenius,1
Ole Bornedal,1
David Bar Katz,0
Michael Vickerman,0
Vondie Curtis-Hall,1
Albert Ash,1
Robert Duvall,1
James F. Robinson,1
Fibe Ma,1
Gordon Gordon,1
Lev Tolstoy,0
Victor Nunez,1
Steve James,0
Mark Dindal,5
Jonathan Brett,0
David Giles,0
Naomi Wallace,0
Thomas Jahn,1
Wendy MacLeod,0
John Cassavetes,0
Kevin Allen,0
Bob Mosher,0
Jeff Rothberg,0
Dan Wakefield,1
Bob Koherr,1
Neal Cassady,0
Robert Nelson Jacobs,1
Christopher Reed,1
Michael Davis,0
Michael Nicholson,0
Joseph Conrad,1
Mark Haskell Smith,0
Neil LaBute,0
Robert Downey Sr.,1
Mark Brown,5
John Patrick Kelley,1
Peter Crabbe,0
Laura Jones,1
Peter Høeg,0
Sara Bernstein,1
Greg Dinner,1
Robert Rodat,5
David McKenna,1
Guy Ritchie,5
David Levien,1
Erich Kästner,5
Ron Osborn,5
Ross LaManna,5
Ed Decter,5
David Wechter,1
Robert D. San Souci,5
James Jones,1
Miklós László,5
Wes Anderson,5
Johnston McCulley,5
Frederick Knott,5
Alex Proyas,1
Susannah Grant,5
Marc Norman,5
Deborah Kaplan,1
Gavin Scott,1
Philip LaZebnik,5
Gigi Levangie,5
Bill Kelly,5
David Marconi,5
Thomas Vinterberg,1
Silvio Horta,5
J.D. Zeik,0
Irwin Allen,5
Darren Aronofsky,5
Nick Evans,5
Patch Adams,5
Michael Browning,5
Stephen Sommers,5
Michael Hirst,5
Mark Christopher,1
Steven Rogers,5
Peter Howitt,1
Vincent Gallo,0
Robert Bloch,0
Ryne Douglas Pearson,5
Tom Tykwer,1
Dave Chappelle,1
Todd Alcott,5
Scott B. Smith,1
John Steakley,1
James Lyons,1
Christopher Nolan,5
Gaspar Noé,0
Sydney Newman,0
Alessandro Baricco,1
Lawrence Wright,1
Karan Johar,5
Steve Koren,5
Tina Andrews,1
Chris Carter,5
Jeffrey Falcon,0
Cédric Kahn,0
James Merendino,1
Ken Sanzel,0
Paul Mayersberg,1
Frank Sebastiano,0
Hugh Lofting,5
Peter Berg,5
Ludwig Bemelmans,1
Ben Ramsey,1
Christopher Bram,0
Don McKellar,0
Merian C. Cooper,0
Stephen McCauley,1
Satoshi Tajiri,5
Anthony Bodden,1
Victor Hugo,1
Kirk Jones,1
Joe Klein,0
Vera Chapman,0
Lukas Moodysson,1
Rodman Philbrick,1
Skip Woods,5
Gordan Mihic,1
Daryl Matthews,1
Jonathan Darby,0
Mark Nutter,0
Lisa Cholodenko,1
Jonathan Harr,0
Willard Carroll,0
David N. Weiss,5
Anthony Abrams,1
Greg Erb,0
William Mickelberry,0
Margaret Rosenthal,0
Claude Stanush,0
Marcos Bernstein,1
M. Night Shyamalan,5
Pierre Jolivet,1
David Klass,0
Eoin McNamee,1
Esther Freud,0
Sherman Alexie,1
Toni Morrison,0
Sean McNamara,1
Julio Medem,1
Anna Quindlen,0
Chris Soth,0
Tamara Jenkins,1
Dee Snider,0
Hirokazu Koreeda,5
Stephen White,0
Jerry Stahl,1
Jim Herzfeld,0
Robert Orr,0
Jim Cartwright,1
Yasutaka Itô,1
Clare Peploe,1
Matthew L. Healy,0
Tom Nursall,0
Todd Stephens,1
Jon Bernstein,0
Eddie Little,0
James Frey,1
Michael Grant Jaffe,1
Larry David,1
Angela Huth,1
Mark Evan Schwartz,1
Jake Kasdan,5
Frank Parkin,1
Tony Cinciripini,0
Jonah Raskin,1
David Rabe,0
Vince Gilligan,0
Chuck Palahniuk,1
Patricia Highsmith,5
Adam Herz,5
Alan Ball,5
Karen McCullah,5
David Howard,1
Daniel Myrick,5
Jeffrey Eugenides,1
Susanna Kaysen,1
E.B. White,5
Duncan Kennedy,5
Troy Duffy,0
W. Peter Iliff,1
R. Lee Fleming Jr.,5
Washington Irving,5
David E. Kelley,1
Tom Perrotta,0
Charlie Kaufman,1
Tim McCanlies,0
Neal Purvis,5
Steve Franks,5
Arturo Pérez-Reverte,1
Marie Brenner,0
Harris Goldberg,5
Robert Ramsey,5
Alan Trustman,5
Lona Williams,0
Kimberly Peirce,1
Robb White,1
Brian Peterson,1
Abby Kohn,5
Darren Stein,0
Jeffery Deaver,5
Pamela Gray,0
Homer H. Hickam Jr.,1
David Self,5
John August,5
Donald E. Westlake,1
John Roach,0
Terri Hughes Burton,0
Carl V. Dupré,0
Nelson DeMille,5
Lynne Ramsay,1
Ted Griffin,1
Isaac Asimov,0
Josann McGibbon,5
Daniel F. Galouye,1
Andy Heyward,1
Ehren Kruger,5
Rubin 'Hurricane' Carter,1
Todd Strasser,1
Michael Berry,5
Nicholas Sparks,5
Tom Lazarus,5
Alexandra Rose,0
Kenneth Lonergan,5
Justin Kerrigan,1
Adam Fields,0
Anna Campion,1
Molly Shannon,0
Malcolm D. Lee,1
Alexander Stuart,1
Andrew Klavan,1
Peggy Thompson,1
Frank McCourt,0
Anna Leonowens,1
Bruno Dumont,1
Steven Paul,1
John L. Greene,0
Mona Simpson,1
Daniel Woodrell,0
Shana Larsen,1
Émile Gaudreault,0
Adam Scheinman,0
René Goscinny,5
Eric Goldberg,1
Rand Ravich,0
Jerry Juhl,0
Mahmoud Aiden,1
Marc Behm,0
Rick Famuyiwa,1
Jeff Franklin,0
Darcy Frey,0
Mitchell Kriegman,0
Bari Wood,0
Jacquelyn Mitchard,0
Judith Roberts,0
Hiroshi Kashiwabara,0
Ayub Khan-Din,1
John Logan,5
Colette Burson,1
John Mortimer,1
Anne Rapp,1
Rodney Patrick Vaccaro,0
Peter Ettedgui,0
Mamoru Oshii,1
Chris Roberts,0
Robert Pucci,0
David Guterson,0
Cathleen Schine,0
Roi Cooper Megrue,0
Michael Henry Brown,1
Mark Childress,0
J.B. Cook,0
Ruth Toma,1
Buddy Ruskin,0
Jurek Becker,0
Selwyn Roberts,1
Kurt Vonnegut Jr.,0
Jean-Pierre Dardenne,1
Jason Schafer,1
Robyn Slovo,1
Philippe Blasband,1
Max Färberböck,1
Jane Hamilton,1
Lew McCreary,1
Patrick Cassidy,0
Oscar Hammerstein II,0
Denis Johnson,0
Ed Stone,0
Serge Frydman,0
Frank Whaley,1
William Broyles Jr.,5
Sebastian Junger,5
Gina Wendkos,5
Tom DeSanto,5
Ken Kaufman,5
Ryan Rowe,5
Todd Phillips,5
Jessica Bendinger,5
Gregory Allen Howard,5
Homer,5
Cormac Wibberley,5
Peter Lord,5
Mark Protosevich,5
Glen Morgan,5
Louis Mellis,1
Clark Gregg,5
Chris Williams,5
Hui-Ling Wang,5
H.B. Halicki,5
Philip Stark,5
Greg Glienna,5
Jim Wheat,1
Karen Walton,0
Corey Mandell,0
Mitchell Kapner,5
Joanne Harris,5
Lee Hall,5
Guillermo Arriaga,5
Peter Cook,1
Asia Argento,1
Thom Enriquez,5
Dr. Seuss,5
Josh Goldsmith,5
David Diamond,5
Lowell Cannon,1
Vince McKewin,1
John Wainwright,0
Ben Younger,5
Toby Emmerich,1
Scott Marshall Smith,1
Gina Prince-Bythewood,1
Miles Millar,1
Angela Sommer-Bodenburg,0
Doug Wright,1
Catherine Ryan Hyde,1
William Hanna,5
Virginie Despentes,1
Joel Soisson,0
Topper Lilien,0
Ted Lewis,0
Michael Chabon,0
Mike Rich,5
Steven Pressfield,0
Will McRobb,1
Darcy Meyers,1
John Pogue,1
Darryl Quarles,5
Peter Steinfeld,5
Mark Brandon Read,1
Stuart Blumberg,1
Jim Webb,1
Cormac McCarthy,1
Delia Ephron,0
Edward Yang,1
Kris Isacsson,1
Jean-Christophe Grangé,1
Steven Katz,1
Britt Allcroft,1
Ross Klavan,0
Bonnie Hunt,1
Andrew Lowery,0
Mark Schwahn,1
Mike White,5
Allison Burnett,5
Steven Naifeh,1
Cunningham O'Keefe,1
Alan B. McElroy,0
Valerie Breiman,1
Charles Busch,0
Andrew Scheinman,0
Mark Crowdy,1
Kim Ki-duk,1
Rainer Werner Fassbinder,0
Joel Hershman,1
Vera Blasi,1
Hideyuki Kikuchi,1
László Krasznahorkai,1
Tim Meadows,0
Rod Lurie,0
Fabián Bielinsky,1
Greg Berlanti,1
Mark Gibson,0
Karyn Kusama,1
Simon Donald,1
Willie Morris,1
François Ozon,5
João Pedro Rodrigues,1
H. Banerjee,1
Anita Shreve,0
Adam Resnick,0
Edward Bunker,0
Cathy Cash Spellman,0
Sally Potter,1
J. David Stem,5
Michael Haneke,1
Denis Villeneuve,1
Johnny Ferguson,1
Roy Andersson,1
Silvio Soldini,1
Dominic Anciano,1
John C. Richards,0
Michael Seitzman,0
Nicholas Klein,0
Eddie Guzelian,5
Garry Shandling,0
Serge Bramly,1
Isabel Ellsen,0
James Gunn,5
Pierce Gardner,1
Akiyoshi Hongo,1
Rakesh Roshan,0
Del Shores,1
Anne Kennedy,1
Ye Lou,0
Stephen Johnston,0
Eric Blakeney,0
Thomas Bezucha,5
J.K. Rowling,5
Ken Li,5
J.R.R. Tolkien,5
Amanda Brown,5
Pete Docter,5
Richard Kelly,0
Mike Bender,5
George Clayton Johnson,5
William Steig,5
Guillaume Laurant,5
David Ayer,5
Daniel Clowes,1
Jay Chandrasekhar,1
Bruce Porter,1
Meg Cabot,5
Pierre Boulle,5
David Spade,1
Kevin Falls,0
Michael Showalter,0
Sean Moynihan,5
Drake Sather,1
Jean-Jacques Annaud,1
Julian Fellowes,5
Daniel Coyle,1
Milo Addica,1
Jim Schutze,1
Helen Fielding,5
Kristine Johnson,5
David Scarpa,5
Sara B. Cooper,5
Brent Hanley,1
Duane Adler,5
Beverly D'Onofrio,0
Tom Brady,5
Dustin Lee Abraham,1
Clay Tarver,1
Richard Recco,0
Daniel E. Taylor,1
J.H. Wyman,5
Alan Moore,5
Marc Klein,5
Stéphane Cabel,1
Larry Sulkis,0
John Stockwell,0
Marc Hyman,0
Hank Nelken,1
Pamela Falk,5
Robert Dunn,1
Brad Anderson,0
Jon Zack,1
John Cameron Mitchell,1
Gene Brewer,0
Tom Green,1
Herman Raucher,1
Sakichi Sato,0
Harley Peyton,0
Kaja Blackley,0
Andre Dubus,1
Louis C.K.,0
Cinco Paul,5
Stephen Chow,5
John A. Davis,5
Jan Skrentny,0
Keiko Nobumoto,1
Éva Gárdos,1
Michael Bacall,5
Ashutosh Gowariker,1
Michael Sloane,0
Tom Savage,1
Hironobu Sakaguchi,0
Susan Swan,1
Mandy Nelson,0
John Requa,5
Jet Li,1
Shawn Slovo,1
Kassim Jagmagia,1
Laura Zigman,1
Tracy Keenan Wynn,1
Robert Harris,1
Mario Giordano,1
Satoshi Kon,1
Stel Pavlou,0
John Bayley,1
Caroline Link,1
Phil Hay,5
Danis Tanovic,1
Robert O'Connor,0
Jennifer Jason Leigh,1
Tom Butterworth,1
Stan Seidel,0
David L. Watts,0
Wayne Wang,1
Annie Proulx,5
Elisabeth Sanxay Holding,1
Heather Juergensen,1
Jean-Marie Poiré,0
Brian Koppelman,5
Sabrina Dhawan,1
Andrew Bovell,1
Stephen M. Ryder,1
DJ Pooh,1
Adam Simon,5
Peter Gaulke,5
George Durham,0
John J. Strauss,0
Cheryl L. West,0
Stephen Belber,1
Osamu Tezuka,0
John Sweet,0
Nicole Holofcener,1
Lucrecia Martel,1
David Garrett,1
Jacques Audiard,1
Paul Germain,1
Mitch Davis,0
Miklos Nyiszli,0
Paul Felopulos,0
Sebastian Faulks,0
Stan Lee,5
Scott Silver,5
Max Allan Collins,5
Paul W.S. Anderson,5
Jeff Nathanson,5
Alex Garland,5
Paulo Lins,1
Erin Cressida Wilson,5
Gregg Chabot,1
Jay Cocks,5
Douglas J. Eboch,5
Susan Orlean,1
Michael J. Wilson,5
Hillary Seitz,5
Chris Sanders,5
Nia Vardalos,5
Harold G. Moore,1
Nancy M. Pimental,1
Kurt Wimmer,5
Mark Hanlon,1
Brent Goldberg,1
Marv Wolfman,5
Hayden Herrera,1
Feng Li,5
Ellory Elkayem,1
Michael Cunningham,5
Rob Perez,5
Mark Romanek,1
Eli Roth,5
Jean-Claude Brisseau,1
David Kendall,1
Clarence Budington Kelland,5
Saratchandra Chatterjee,1
James Kearns,5
Shonda Rhimes,1
David Benioff,5
Alan Mak,1
Stanislaw Lem,0
Michael Elliot,5
Morton S. Fine,0
Antwone Fisher,1
Will De Los Santos,0
Myeong-chan Park,0
Joseph Finder,1
A.E.W. Mason,0
Ernesto Foronda,1
Louis Begley,5
Dana Carvey,1
Shawn Schepps,1
Howard Swindle,0
Natalie Babbitt,1
Tony Gayton,1
Lucky McKee,0
Brandon Camp,1
Bradley Allenstein,0
Rebecca Wells,1
Steven Knight,5
Azie Faison Jr.,1
Charles F. Bohl,1
Jay Scherick,1
Burr Steers,0
Frank Cottrell Boyce,1
Chap Taylor,1
Janet Fitch,1
Lucas Sussman,0
Dave Barry,0
Joe R. Lansdale,1
Robert Graysmith,0
Michael Connelly,0
Ronald Roose,0
Takashi Shimizu,1
Niki Caro,1
Doris Pilkington,1
Greg Iles,0
Joe Carnahan,5
Mort Nathan,0
Peter Mullan,1
Gary M. Goodman,0
Patrick McGrath,0
David H. Steinberg,0
Joe Jarvis,1
Mark Perez,5
Ronald Lang,1
Stephen Gaghan,5
Casey Affleck,0
Cédric Klapisch,1
Adam Larson Broder,1
Temple Mathews,5
Boris Khaimsky,1
Mars Callahan,0
Moshe Diamant,0
Dashiell Hammett,0
Jaume Balagueró,1
Arlene Klasky,1
Paul Greengrass,5
Brooks Arthur,0
Coleman Hough,1
Brad Silberling,0
John Scott Shepherd,0
Jorge Saralegui,0
Susanne Bier,1
Paul Kimatian,0
Ethan Canin,1
Paul Laverty,5
Josefina Lopez,1
John Stainton,1
Mike McAlary,0
Austin Chick,1
John Carlen,1
Ted Elliott,5
Court Crandall,5
Charles Randolph,5
Kevin Grevioux,5
Garon Tsuchiya,0
Sofia Coppola,5
Larry Doyle,0
Daniel Wallace,5
Gilbert Adair,1
Bong Joon Ho,5
Andrew Stanton,5
Catherine Hardwicke,1
Troy Kennedy-Martin,5
Patty Jenkins,5
Patrick O'Brian,5
Thomas Eidson,0
Tommy Wiseau,0
Robert Hamner,5
Louis Sachar,5
Rob Zombie,5
Michael Cooney,5
Charles Frazier,5
Frank B. Gilbreth Jr.,5
Craig Mazin,5
Michele Alexander,5
William Douglas-Home,1
Lauran Paine,1
Lawrence Konner,5
David Berenbaum,5
David Dorfman,5
Chris Kentis,5
Tracy Chevalier,1
J. Mackye Gruber,5
David Griffiths,0
Eric Garcia,0
Frances Mayes,1
Laura Hillenbrand,5
Alexandre Aja,1
Dean Georgaris,5
Joe Harris,1
Martin Brest,0
David Collard,1
Cooper Layne,1
Alfred Gough,5
Geoff Rodkey,5
Alonzo Brown,1
James Cox,0
Mark A. Altman,1
Jeff Shaara,0
Andre Dubus III,1
Christian Gudegast,5
Tom McCarthy,1
Bernd Lichtenberg,5
James Vanderbilt,5
Philip Roth,0
Ralph Sall,0
Sebastian Gutierrez,5
Ashley Miller,5
Panna Rittikrai,1
Glenn Ficarra,5
Buzz Bissinger,1
Susan Estelle Jansen,1
Frank Hannah,1
Julia Dahl,1
Richard Jefferies,1
Juliette Towhidi,5
Niranjan Iyengar,1
Eric Wald,0
Fax Bahr,1
Vladimir Moiseenko,1
Roger Towne,5
Alexander Trocchi,0
Robert Souza,0
Jan Guillou,1
Sylvain Chomet,1
Dae-woo Kim,1
Charles B. Wessler,1
Robert Drewe,1
Pat Casey,5
Stephen Fry,1
Yann Samuell,1
Eve Ahlert,1
Michael Gougis,0
Anders Thomas Jensen,1
Alfred Cheung,0
Harvey Pekar,1
Fenton Bailey,0
Jason Filardi,5
Sandro Petraglia,1
Doug Jung,1
C. Jay Cox,1
Caspian Tredwell-Owen,1
Jesse Wigutow,1
Laura Angelica Simon,1
Elizabeth Hunter,1
Karl Geurs,5
Mark O'Rowe,1
David Gordon Green,0
Kim Fuller,0
Gary Stephen Ross,0
Carol Doyle,0
Damian Nieman,0
John Brownlow,1
Kate Boutilier,1
Diane Johnson,1
Camille Thomasson,0
Geoffrey Panos,1
Hector Babenco,1
Isabel Coixet,1
Neve Campbell,0
Zeke Richardson,1
Matthew Ryan Hoge,1
Sarah Dessen,0
Mogens Rukov,1
Bob Dylan,1
Jim Adler,1
David Wagner,1
Alec Berg,0
Rawson Marshall Thurber,5
Rosalind Wiseman,5
Brad Bird,5
Leigh Whannell,5
Stuart Beattie,5
Jeff Vintar,5
Paul Haggis,5
Simon Pegg,5
Helen Cross,1
Roland Emmerich,5
J.J. Connolly,1
Jared Hess,5
George Wing,5
Bernd Eichinger,5
Benedict Fitzgerald,5
Will Ferrell,5
Mort Briskin,1
Scott Kosar,5
Patrick Marber,5
Michael Winterbottom,1
George Nolfi,5
Jon Hurwitz,5
Rex Pickett,5
William Blinn,5
Shane Carruth,1
Leigh Dunlap,1
John Hamburg,5
Cate Shortland,1
Derek Drymon,5
Keir Pearson,1
Michael Pye,1
Zach Braff,1
Sarah Thorp,5
Matt Johnson,1
Taylor Hackford,5
Derek Guiley,0
Allan Knee,5
Stephen Susco,5
Jules Verne,0
Chris Van Allsburg,5
Eric Guggenheim,1
Wayne Kramer,0
Mark Amin,1
Gilles Mimouni,0
Laura Albert,1
Dyan Sheldon,1
Bill Cosby,1
Kerry Conran,0
Omar Naim,1
Masayuki Suô,5
Paddy Considine,1
Paul Zbyszewski,1
Sébastien Japrisot,1
Lukas Heller,0
Brian Dannelly,1
Jim Davis,5
Paul Weitz,1
Ronald Everett Capps,1
Mitch Rotter,0
Jacob Estes,1
Kate Gunzinger,1
Angela Robinson,0
Ernesto 'Che' Guevara,5
Bo Zenga,0
Gerry Anderson,0
Emily Fox,0
Matthew Faulk,0
M.G. Sathya,1
Steve Adams,0
Bill Naughton,0
Robert Grasmere,0
Anurag Kashyap,1
Todd R. Jones,1
Georges Chaperot,5
Steven Fechter,1
Park Chan-Wook,1
Will Finn,1
Victor Levin,0
Timur Bekmambetov,1
Stephen Jeffreys,1
Georges Bataille,1
Chris Stokes,1
Kevin Spacey,0
William J. Locke,1
Michael Clancy,0
Dennis Gansel,1
Alice Wu,1
Aditya Chopra,0
Melissa Carter,0
Aline Brosh McKenna,5
Lingard Jervey,1
Joshua Marston,1
Michael Dowse,0
Nikolaj Arcel,5
Javed Akhtar,1
Farah Khan,1
Richard Epcar,5
Chimo,1
Michael Genet,0
Robin Nishi,1
Anders Nyberg,1
Vijay Krishna Acharya,1
Rhett Reese,5
Thomas Bahmann,1
Robin Swicord,5
Deborah Moggach,5
Neil Marshall,1
Frank Miller,5
Ann Peacock,5
Steve Faber,5
Josh Friedman,5
William Monahan,5
Jamie Delano,5
Douglas Adams,5
Mark Frost,5
Lexi Alexander,1
Simon Kinberg,5
Rob McKittrick,5
Paul Hernandez,5
Mark Burton,5
Brian Nelson,5
Ann Brashares,1
Carl Ellsworth,5
Charles Belden,1
David Elliot,1
Gy Waldron,5
Johnny Cash,5
Stacy Peralta,0
Tony Kushner,5
Brett Halliday,1
Jeffrey Caine,5
Thomas Lennon,5
Kevin Bisch,5
Neil Gaiman,1
Stephen Chbosky,5
Ron Mita,5
Peter A. Dowling,5
Kôji Suzuki,1
Abdi Nazemian,0
Adam 'Tex' Davis,1
Ron Burch,1
Cliff Hollingsworth,1
Emma Thompson,5
Clive Cussler,0
Dan Gilroy,5
Terrence Malick,5
Rian Johnson,5
Greg McLean,1
Paul Harris Boardman,5
Dave Callaham,5
Roberto Orci,5
Lance Khazei,0
Ricky Blitt,1
Michael Steinberg,1
Ol Parker,5
Peter Tolan,1
Dan Futterman,1
John J. McLaughlin,1
Anya Kochoff,5
Hunter Richards,1
Tyler Perry,5
Steve Box,5
Jeffrey Hatcher,5
Tom Bleecker,0
Elizabeth Young,1
Jason Reitman,1
Ari Schlossberg,5
Geoff Deane,1
John Turturro,1
Michael McQuown,1
Robert Crais,1
Terence Winter,5
Todd Edwards,5
Guinevere Turner,0
Patrick Melton,5
Mike Jefferies,1
Mary Harron,1
George Clooney,5
Colin Patrick Lynch,1
Jeff Wadlow,5
Nick Cave,1
Roger Donaldson,0
Craig Brewer,1
Richard Shepard,0
Jennifer Weiner,5
Kate DiCamillo,1
Claire Cook,1
William Rose,5
Rebecca Miller,0
William B. Breuer,0
Tony Grisoni,0
Norman Vance Jr.,1
Elan Mastai,0
Brent Monahan,1
Niall Johnson,5
Steven Gary Banks,5
Napalee,1
David Auburn,5
David Schmidt,5
Steve Conrad,5
Eric Kripke,1
Dirk Wittenborn,1
Miranda July,1
Duncan Tucker,1
Guillermo Cabrera Infante,0
Arie Posin,0
George Webster,1
Angus MacLachlan,0
William Wisher,0
Carlos Reygadas,1
Jennifer Flackett,1
John Gatins,5
Sanjay Leela Bhansali,1
Anonymous,1
Christian Carion,1
Jenny McCarthy,1
Jonathan Safran Foer,0
Walter Kirn,5
Bill Wolff,0
Chris Morgan,5
Jonathan Nolan,5
Zack Snyder,5
Mel Gibson,5
Ewan Leslie,1
Todd Field,0
Michael Arndt,5
Peter Morgan,5
Florian Henckel von Donnersmarck,5
Robert Ben Garant,5
Alex Kurtzman,5
Russell Gewirtz,5
Adam Cooper,5
Michael Dougherty,5
J.S. Cardone,5
Danny McBride,5
Jason Smilovic,1
Shane Meadows,1
Sean Ellis,1
Bill Marsilii,5
Barry Wernick,1
Jack Black,0
Sacha Baron Cohen,5
John Heffernan,1
Mark Neveldine,0
Neil Burger,5
Zach Helm,1
Nick Cassavetes,1
John Quaintance,1
Jeff Lowell,5
Peter Buchman,5
Tom Eyen,5
Sheldon Turner,1
Yasutaka Tsutsui,1
Dan Harmon,5
Andrea Berloff,5
Don Calame,1
Allen Covert,1
Ron L. Brinkerhoff,1
Werner Herzog,0
Jake Wade Wall,5
Jeremy Garelick,5
Guillaume Canet,5
Iris Yamashita,1
Tom J. Astle,5
Richard Wenk,5
Don Payne,5
Steve Bencich,5
Luke Davies,0
Leslie Caveny,1
William Brent Bell,5
Tracy Letts,1
Michael Arlen Ross,1
Tristan Carné,1
David Von Ancken,0
Brad Gann,1
Joe Forte,1
Adam Green,1
Jamie Linden,5
Michelle Gallagher,1
Captain Mauzner,0
Doug Atchison,1
Peter Straughan,0
Cheryl McKay,1
Céline Garcia,1
David DiGilio,5
Zhihong Bian,1
Joachim Trier,0
Phil Sears,0
Sidney Lumet,0
Michael LeSieur,5
Ursula K. Le Guin,5
Christopher Cleveland,5
Goran Dukic,0
Dan Madigan,1
Steven Zaillian,5
Paul Bernbaum,0
Jean-François Halin,1
Tina Gordon,5
Anthony Horowitz,1
Chris Chow,5
Scott Glosserman,1
Ryan Fleck,1
Douglas McGrath,0
Jonathan King,1
Dianne Houston,1
Renzil D'Silva,1
Kevin Bernhardt,0
Richard Maltby Jr.,1
Ben Best,1
Mark Polish,0
David Nicholls,5
Nick Guthe,0
Todd Robinson,0
Dito Montiel,1
Robert Kurtz,0
James Moran,1
Katherine Brooks,0
Jonathan Raymond,1
Wil Shriner,0
Jane Goldman,5
Ben Affleck,0
Christopher Landon,5
Seth Rogen,5
Jonathan Lemkin,1
John Carlin,5
Edgar Wright,5
Diablo Cody,5
Rowan Joffe,5
Frank Darabont,1
Pam Brady,1
Jeff Stockwell,5
Emma McLaughlin,1
Halsted Welles,1
Jeff Cox,5
Steve Niles,1
Joby Harold,0
Jerry Seinfeld,5
Scot Armstrong,5
Shane Salerno,5
Matt Greenberg,5
Matthew Michael Carnahan,5
Andrew Dominik,1
Josh Stolberg,5
Chris Weitz,5
David Ross,1
Nacho Vigalondo,0
Justin Zackham,5
Eileen Chang,5
Oren Peli,5
Kelly Masterson,1
Jon Vitti,5
Marianne Wibberley,5
Nancy Oliver,0
Sergio G. Sánchez,5
Nichole Millard,5
Mitchell Lichtenstein,1
Dean Craig,5
Brad Copeland,5
Mark L. Smith,5
Amole Gupte,1
Todd Komarnicki,5
Scott Wiper,1
Will Forte,0
John Burnham Schwartz,0
Fernley Phillips,1
Deborah Curtis,1
Isabelle Sobelman,5
John Carney,5
Lee Anthony Smith,1
Adrienne Shelly,1
Carol Fuchs,5
Kevin Munroe,5
Jonah Markowitz,1
Chad Gomez Creasey,0
Adam Mazer,1
Doug Taylor,0
Laeta Kalogridis,5
Ed Yeager,0
Howard A. Rodman,0
Ian Mackenzie Jeffers,0
André Batista,1
Mark Wheaton,1
Céline Sciamma,1
Carey W. Hayes,1
David Kajganich,0
Marjane Satrapi,1
Robert Eisele,1
Jeff Hammond,0
Cristian Mungiu,1
Dan Fogelman,5
Gustin Nash,0
Mick Davis,0
Jez Butterworth,5
Hideaki Anno,5
Arif Aliev,1
Loren Taylor,1
Laura Kasischke,0
Adolf Burger,1
Jeff Nichols,1
Jonathan Kasdan,5
David Gilbert,1
Imtiaz Ali,1
Kelley Sane,0
Kim Barker,5
Dylan Haggerty,1
Melisa Wallack,1
Robert Adetuyi,5
Deborah Kampmeier,0
J.P. Schaefer,1
Uwe Boll,0
Garth Jennings,5
Allan Loeb,5
Melissa Rosenberg,5
Mark Fergus,5
Jonathan Aibel,5
Justin Theroux,5
Catherine Johnson,5
Bryan Bertino,5
Michael Brandt,5
Justin Haythe,5
Jason Segel,5
Grant Nieporte,5
Martin McDonagh,5
Michael Patrick King,5
Nick Schenk,5
Mark Boal,5
Art Monterastelli,5
James Watkins,1
Robert Siegel,1
Drew Goddard,5
J. Michael Straczynski,5
John Glenn,5
Vy Vincent Ngo,5
Michael D. Weiss,5
Ric Roman Waugh,0
Sean Anders,5
Andrew Adamson,5
John Boyne,1
John Ajvide Lindqvist,1
Timothy Dowling,5
Clayton Frohman,1
Lucy Dahl,1
Brock Norman Brock,1
Nicholas Stoller,5
Nick Santora,0
Adam Sandler,5
John Claflin,1
Lorene Scafaria,5
Karey Kirkpatrick,5
Beau Thorne,5
Dustin Lance Black,5
Etan Cohen,5
Jody Savin,0
Maya Forbes,5
Toni Ann Johnson,5
Darren Smith,0
Dirk Blackman,0
David Magee,1
Enda Walsh,1
Diane English,1
Matt Lopez,5
Jeff Buhler,1
Kristofor Brown,1
Adam Sztykiel,5
Dana Fox,5
David Lindsay-Abaire,5
Robert Knott,1
Barry L. Levy,5
Heidi Ferrer,1
Robert Fyvolent,1
John Woo,5
Megan Holley,1
Peter Barsocchini,5
Jenny Lumet,1
Duncan Brantley,0
Henry Gilroy,5
Michael McCullers,5
Joseph Kwong,5
Caroline Thompson,0
John Erick Dowdle,5
Jason Richman,0
Matt Allen,5
Elizabeth Chandler,1
José Saramago,0
Sharman Macdonald,1
Shamim Sarif,1
Roberto Saviano,1
Mark Richard,0
Maurice G. Dantec,1
Jee-woon Kim,1
Ronnie Christensen,0
Luke Dawson,5
Mark Bomback,5
Piyush Mishra,1
Olly Blackburn,1
Frank Spotnitz,1
Gabrielle Bell,1
Alex Kendrick,5
Jeffrey Nachmanoff,1
Jordan Cahan,1
Hu Hong,0
Darnell Martin,0
Tony Burgess,0
Analisa LaBianco,5
Ari Folman,1
Kundô Koyama,5
Glenn Gers,1
Michel Gondry,1
Art Linson,0
Rob Greenberg,0
Mabrouk El Mechri,1
Chris McKenna,5
Jonathan Levine,1
Courtney Hunt,1
S.R. Bindler,0
Joel Hopkins,1
Kent Harper,0
David Hayter,5
Jon Lucas,5
Scott Neustadter,5
Michael Robert Johnson,5
Neill Blomkamp,5
David Leslie Johnson-McGoldrick,5
Rajkumar Hirani,5
Ernest Cline,0
Henry Selick,5
Duncan Jones,1
Ronan Bennett,5
Tom Six,1
Peter Chiarelli,5
Jaco Van Dormael,0
Will Gluck,5
Efthymis Filippou,1
Joe Penhall,1
Shauna Cross,5
Eduardo Sacheri,1
Travis Milloy,0
Adam Alleca,1
Spike Jonze,1
Harold Ramis,1
Geoffrey Fletcher,5
Phil Lord,5
Anthony Peckham,5
Nicole Eastman,5
Ricky Gervais,1
Olatunde Osunsanmi,1
Matthew Sand,1
Jon Ronson,1
Chris Henchy,0
Christopher Isherwood,1
Philippe Diaz,1
Jason Hall,5
Ray Wright,1
Eric Bress,5
Randy T. Dinzler,0
Michael Spierig,1
Lynn Barber,1
Scott Cooper,1
Michael Berg,5
Eric Warren Singer,5
Craig Rosenberg,5
Todd Farmer,5
Tracey Jackson,5
Pamela Pettler,1
Vincenzo Natali,0
Thomas Bidegain,1
Greg DePaul,5
Michael Ferris,1
Nicolas Winding Refn,1
Andrea Arnold,1
David Bourla,1
Agnieszka Wojtowicz-Vosloo,0
Kevin James,5
Émile Zola,1
Reggie Rock Bythewood,1
Julia Baird,1
Jonas Frykberg,5
William M. Finkelstein,0
Michael Jai White,0
Michael C. Martin,1
Jesse Armstrong,1
Dan Berendsen,5
Asghar Farhadi,1
Daniel Kunka,0
Barbara Alberti,1
Ti West,0
Àlex Pastor,1
Mike Reiss,1
Dave Eggers,0
Jody Hill,1
Gary Young,1
Scott Z. Burns,5
John Hindman,1
Joe Stillman,5
Cary Joji Fukunaga,0
Raymond De Felitta,1
Edmonde Charles-Roux,1
Tommy Wirkola,5
Mamoru Hosoda,1
Alessandro Camon,0
Rick Jacobson,1
Jon Hoeber,5
Michele Mulroney,5
Tomm Moore,0
J Blakeson,1
Andy Stock,1
Zach Cregger,0
Justin Marks,5
Michel Franco,1
Robert Munic,1
Tatiana von Fürstenberg,0
Ben Court,1
Mark Heyman,5
Peter Craig,5
Rob Reiner,0
Gareth Edwards,1
Adam Rockoff,0
Steve Antin,1
Craig Titley,5
Travis Beacham,5
Gary Whitta,5
Derek Cianfrance,5
Patrick O'Neill,5
Pete Goldfinger,5
Danny Boyle,1
Adam McKay,5
Edward Kitsis,5
Ian Deitchman,5
Park Hoon-jung,1
Bert V. Royal,5
David Seidler,5
Matthew Vaughn,1
Alan Schoolcraft,5
Christopher Murphey,5
Ryan Murphy,5
David Michôd,0
Josh Heald,1
Jackie Filgo,1
Alex Litvak,5
Chris Sparling,0
Peter Schink,1
Will Fetters,5
Debra Granik,1
Peter Allen,1
Taika Waititi,5
Slavomir Rawicz,0
Bob DeRosa,1
Eli Craig,1
Alan R. Cohen,5
Anna Boden,5
Josh Klausner,5
Christopher Markus,5
Matt Reeves,1
Christopher Morris,1
Floria Sigismondi,0
Panos Cosmatos,0
Joshua Cordes,5
Phra Sripariyattiweti,1
Jeong-beom Lee,1
André Øvredal,1
Katherine Fugate,5
Jose Rivera,1
David Guion,5
Richard Ayoade,1
Amy Andelson,5
Dario Poloni,1
Robb Cullen,1
Quentin Dupieux,0
Alejandro G. Iñárritu,5
Moe Jelline,1
Adi Hasak,1
Kaneo Ikegami,1
Marcus Hinchey,1
Lucinda Coxon,1
Geoff LaTulippe,1
Tai-lee Chan,5
Jonathan Bernstein,1
Larysa Kondracki,1
Posy Simmonds,1
Jordan Melamed,0
Ki-young Kim,1
Mike Mills,1
John Orloff,1
Andy Bellin,0
Shibani Bathija,1
Massy Tadjedin,1
John Wells,0
Mark Duplass,1
Michael R. Perry,5
John Curran,0
Robert Pulcini,0
Huck Botko,5
Abe Sylvia,0
Baran bo Odar,1
Kate Angelo,5
Chuck Konzelman,1
Vikramaditya Motwane,1
Shana Feste,1
Craig Pearce,1
Daniel Espinosa,1
Nick Damici,0
Anthony Jaswinski,5
James D. Solomon,0
Michael Carnes,1
Julie Taymor,0
Sacha Gervasi,0
Jennifer Ventimilia,5
Tatiana De Rosnay,1
Sngmoo Lee,0
Unknown,5
Spencer Susser,0
Nick Tomnay,0
Mark Jacobson,0
Alain Corneau,1
Dan Rush,0
Kristen Wiig,5
Olivier Nakache,5
Tate Taylor,5
Elizabeth Meriwether,5
Gavin O'Connor,0
Keith Merryman,5
Charley Parlapanides,5
Gene Stupnitsky,5
Steve McQueen,1
Oliver Butcher,5
Thomas Dean Donnelly,0
Ben Ripley,5
Michael Markowitz,5
Carlos Saldanha,5
Thierry Jonquet,1
Julia Leigh,1
Rick Jaffa,5
John Romano,1
Shawn Christensen,1
Gareth Evans,1
J.C. Chandor,1
Sean Durkin,1
Seth Lochhead,1
Will Reiser,1
Hergé,5
Jon Spaihts,5
Eric Heisserer,5
Simon Barrett,5
Farhan Akhtar,1
Alice Addison,1
Ben Zook,5
Nick Bakay,5
Pete Jones,1
Brian Gatewood,1
Scott M. Gimple,5
Christopher Bertolini,5
Matt Sherring,0
Will Hayes,1
David Loucka,5
Marti Noxon,1
Michel Hazanavicius,5
Pierre Drieu La Rochelle,1
Shaun Grant,0
Jennie Snyder Urman,1
Cory Goodman,5
Hamish McColl,5
Iain Morris,5
Gabe Sachs,5
Ben Wheatley,1
Yasmina Reza,1
Joe Cornish,0
John Michael McDonagh,1
Mike Cahill,1
Kim Fupz Aakeson,1
Drake Doremus,1
Karyn Bosnak,1
Carl Lund,1
Rob Sprackling,5
Tom Wheeler,5
Daniel Barnz,1
Gavin Wiesen,1
Adrian Hodges,1
Paolo Sorrentino,5
Jason A. Micallef,1
Skip Hollandsworth,1
Bragi F. Schut,5
Gustavo Hernández,1
Stephen J. Anderson,1
John Davies,0
Karl Mueller,0
Sonny Mallhi,1
Michael Petroni,5
Zal Batmanglij,0
Madonna,0
Jay Baruchel,1
Bertrand Bonello,1
Jesse Peretz,1
Andrew Haigh,1
John Garvin,5
Ulf Ryberg,1
Karl Gajdusek,5
Jason Keller,0
Tetsurô Sayama,1
Michael Diliberti,1
Abi Morgan,5
Lynn Shelton,1
Don Ferrarone,1
Sarah Polley,1
Alex Gregory,1
Stéphane Rybojad,1
Brian Miller,1
Brian Patrick O'Toole,0
Tine Byrckel,1
Leslie Schwartz,1
Stephen Dyer,0
Kyle Killen,0
Laurent Turner,1
Matthew Fogel,1
Ercan Kesal,1
Karen Janszen,5
Kay Cannon,5
Tobias Lindholm,1
Chris Terrio,5
Lee Child,5
David Mitchell,1
Evan Daugherty,5
Seth MacFarlane,5
Scott Derrickson,5
David Caspe,0
Brenda Chapman,5
Seth Grahame-Smith,5
Reid Carolin,5
Peter Baynham,5
Len Wiseman,5
David Guggenheim,5
Rich Moore,5
Matt Drake,5
David Wain,1
Yann Martel,5
Brian Gunn,5
Jared Stern,1
Derek Connolly,5
Max Landis,5
Dan Mazeau,5
Pablo F. Fenjves,1
Morgan Land,0
Moira Buffini,1
Eric Darnell,5
Ben Lewin,1
Susan Hill,5
Mike Cerrone,1
Craig Zobel,1
Dax Shepard,1
Kurt Johnstad,5
Jack Kerouac,0
Lisa Azuelos,0
Brad Miska,1
David Cohen,0
Stephen Elliott,0
Amanda Brody,5
Zoe Kazan,1
Josh Boone,1
Juliet Snowden,5
M.J. Bassett,1
Tim Macy,0
Marc Moss,0
Randy Brown,1
Lee Kirk,1
Chris Butler,0
Aaron Guzikowski,5
Rodrigo Cortés,1
Nicholas Jarecki,1
RZA,1
Leonard Ripps,1
Bodil Steensen-Leth,1
Noah Haidle,0
Zach Dean,0
Michael Wallach,1
Brian Klugman,1
Johan Heldenbergh,1
Sean Baker,1
John Hyams,0
John Krasinski,0
Lucy Alibar,1
Juan Mayorga,1
Todd Lincoln,0
James Mather,1
Kario Salem,0
Stacy Sherman,0
Leslye Headland,1
D.V. DeVincentis,0
Sujoy Ghosh,1
Lisa Addario,5
Hannah Shakespeare,1
Josh Radnor,0
Petter Skavlan,1
Matt Ross,1
Juan Solanas,0
David Chase,0
Andrew Stern,0
Alice Lowe,1
Gideon Defoe,5
Rashida Jones,1
Vanessa Taylor,5
Ant Timpson,1
Ole Meldgaard,1
Nick Love,1
Anurag Basu,1
Guy de Maupassant,1
Paul Andrew Williams,1
Bob Barlen,1
Katie Anne Naylon,1
Jack Amiel,0
Nancy Doyne,0
Max Werner,0
Benoît Jacquot,1
Christopher Ford,1
Drew Pearce,5
Chad Hayes,5
Christopher L. Yost,5
Walter Campbell,0
Abdellatif Kechiche,1
Jacques Lob,1
Bob Fisher,5
Jennifer Lee,5
Dan Scanlon,5
Joseph Gordon-Levitt,1
Rocky Russo,1
Craig Borten,1
Nat Faxon,1
Vince Vaughn,1
Fede Alvarez,5
Creighton Rothenberger,5
Brad Ingelsby,1
James Ward Byrkit,1
Gavin Hood,1
Wentworth Miller,1
Jessica Postigo,1
Andy Muschietti,5
Miles Chapman,5
Adam Marcus,1
Anne Fontaine,0
Kyle Ward,0
Isaac Marion,5
Marc Guggenheim,5
Will Beall,1
Mike Flanagan,5
Aharon Keshales,1
Richard D'Ovidio,5
Maggie Carey,1
Lawrence D. Cohen,5
Darren Lemke,5
Blake Masters,5
Katie Dippold,5
Misan Sagay,1
Keith Bunin,1
Danny Strong,5
Andrew Knauer,1
Jon S. Baird,1
Ken Scott,1
Neil Elman,1
Destin Daniel Cretton,1
Kelly Marcel,5
Markus Zusak,5
Daniel Schechter,0
Gary Hawkins,0
Joey Soloway,1
Erica Rivinoja,5
Jeremy Saulnier,0
Scott Stewart,1
Bob Nelson,1
Chris Galletta,1
Prasoon Joshi,1
Joe Ahearne,1
Brian Tucker,0
Pat Rushin,0
Guy Holmes,0
Jonathan Goldstein,5
Jerusha Hess,1
Austin Bunn,1
Ryan Coogler,5
Gia Coppola,1
Johnny Knoxville,5
Steve Coogan,5
Matt Whiteley,1
Philip Gelatt,1
Dan Mazer,1
Jonathan Asser,1
Michael Starrbury,1
Marlon Wayans,5
Isao Takahata,1
Fyodor Dostoevsky,1
Hussain Dalal,1
Meg Rosoff,0
Peter Landesman,1
Amy Jump,1
Kevin Dreyfuss,1
Daniel Domscheit-Berg,0
Pawel Pawlikowski,1
Marion Nelson,1
Andrew Dodge,0
Lake Bell,1
David Lowery,5
Michael G. Cooney,0
Ritesh Batra,1
Sean Finegan,0
Derek Kolstad,5
Gillian Flynn,5
Stefan Zweig,5
Damien Chazelle,5
Noah Oppenheim,5
Jemaine Clement,1
Graham Moore,5
David Robert Mitchell,1
Ivan Menchell,5
Ryan J. Condal,5
Michael Mitnick,1
Jordan Roberts,5
James Lapine,5
Gary Dauberman,5
Anthony McCarten,5
Dan Sterling,0
Dennis Lehane,1
Andrew Jay Cohen,5
Jennifer Kent,1
Melissa K. Stack,5
Germán Servidio,1
Josh Appelbaum,5
Joshua Zetumer,5
Richelle Mead,0
Phil Graziadei,0
Dean DeBlois,5
George Gatins,5
Paul King,5
John W. Richardson,5
Jonathan Tropper,1
John Swetnam,5
Michael Colton,5
Adam Cozad,5
Xavier Dolan,0
Vera Brittain,1
Jorge R. Gutiérrez,1
Veronika Franz,1
Michael Finch,1
Matt Sazama,5
Nelson Greaves,5
Jack Paglen,1
David Flebotte,1
Margaret Nagle,0
Janet Scott Batchler,1
James McFarland,1
Greg Coolidge,5
Tom Gormican,1
Tommy Lee Jones,0
Dennis Kelly,1
Chad Kultgen,0
Luke Greenfield,5
Bart De Pauw,0
Carlyle Eubank,0
Bruce Wagner,0
Louise Stratten,1
Gregory Burke,1
Richard Glatzer,5
Justin Benson,1
Oren Moverman,1
Christina Welsh,1
Andrew Knight,1
Paul Webb,1
Rob Thomas,0
Justin Lader,1
Scott Rothman,1
Patrick Tobin,0
James Bobin,1
Mark Hammer,1
Julius Avery,1
Paul Lalonde,1
Rob Lieber,5
Theodore Melfi,5
Sean Hood,0
Hunter Dennis,5
Joan G. Robinson,1
Melissa McCarthy,5
Jalmari Helander,1
Ruben Östlund,1
Ryan Gosling,0
Will Collins,1
Maria von Heland,1
Al Kaplan,1
Stephen Zotnowski,0
Aimee Lagos,1
Oleg Negin,1
Christopher Kyle,0
Peter Strickland,0
Adam J. Braff,0
Ebru Ceylan,1
Justin Simien,1
Arielle Holmes,1
Julia Hart,1
Roberts Gannaway,5
Ramin Bahrani,0
Adriana Trigiani,1
Andrea Seigel,0
Taylor Sheridan,5
Robert Eggers,5
Emma Donoghue,1
Josh Singer,5
Yorgos Lanthimos,1
Melissa Rauch,0
Morgan Davis Foehl,0
Paul Feig,5
Jeremy Slater,1
J. Mills Goodloe,5
Mark Mallouk,1
Marc Abraham,0
Brian Lynch,5
Carlton Cuse,5
Amy Schumer,5
Damon Lindelof,1
Matt Charman,5
Brian Duffield,5
Jonathan Herman,5
Phyllis Nagy,1
Barbara Curry,1
Kurt Sutter,5
Rosalie Ham,1
T.S. Nowlin,5
Sanyuan Peng,1
Bob Peterson,5
Thomas Hardy,1
Joel Edgerton,5
Jay Martel,5
Doug Ellin,1
Carrie Lee Wilson,1
Ilya Naishuller,1
Chris Bowman,1
Jason Fuchs,0
Bryan Sipe,1
Todd Louiso,1
Brian Burns,5
Josh A. Cagan,1
John McNamara,0
Robert Smigel,5
Tim Talbott,1
Vijayendra Prasad,5
Paula Pell,5
John Kåre Raake,1
Hannes Holm,1
Jesse Andrews,1
Phoebe Gloeckner,0
Deniz Gamze Ergüven,1
Catherine Corsini,1
Oz Perkins,1
Jeethu Joseph,0
Hajime Isayama,1
Alexi Kaye Campbell,1
Simon Kelton,1
Guy Hibbert,1
Sean Mewshaw,1
Max Joseph,1
Nagnath S. Inamdar,1
Angelina Jolie,0
Eric Aronson,0
Brett Haley,1
John Scott 3,1
Jason Pagan,1
Rupert Goold,1
Matt Brown,1
Nissar Modi,0
Nathan Parker,0
Martin Zandvliet,1
David Feeney,1
Todd Casey,1
Robert Bolesto,1
Jean-Patrick Manchette,0
Michael Polish,0
Edoardo Albinati,1
Craig Schulz,5
Ross Bagdasarian,5
Mikko Alanne,1
Irena Brignull,1
Chris Lofing,1
David Farr,1
Matt Bettinelli-Olpin,1
Paul Gross,1
John Maclean,0
Donald Margulies,1
Jon Watts,0
Simon Stone,1
Ryan Landels,0
Apichatpong Weerasethakul,1
Brian Bird,1
Rachel Boynton,0
Anouk Whissell,1
Patrick Brice,1
Laura Terruso,1
László Nemes,1
Mitch Cullin,1
Se-hee Kim,1
Benjamin August,1
Daniel Lee,5
Jojo Moyes,5
Nikolai Leskov,1
Jared Bush,5
Byron Howard,5
Evan Spiliotopoulos,1
Robert Schenkkan,5
Sarah Waters,1
Chuck Hogan,1
Tom Ford,1
Makoto Shinkai,5
Nicolas Wright,5
Julia Ducournau,1
Ransom Riggs,5
Joo-Suk Park,5
Douglas Cook,1
Allison Schroeder,5
Kyle Hunter,5
Bill Dubuque,5
Barry Jenkins,5
Ike Barinholtz,5
Stephen Chin,1
Dan Brown,5
Jonathan Perera,0
Josh Campbell,5
Saroo Brierley,5
Deon Taylor,1
Kieran Fitzgerald,0
Piyush Gupta,5
Ana Lily Amirpour,0
Matt Cook,1
Seth W. Owen,1
Ellen Furman,0
Kelly Fremon Craig,1
John Phillips,5
Daniel Scheinert,1
Carlo Bernard,5
Stacey Menear,5
August Wilson,1
Andy Samberg,0
Ivan Sen,1
Michael Lesslie,5
Elizabeth Wood,1
Andrew Baldwin,0
Brian Reindl,0
Anna Biller,1
Jessica Sharzer,5
Simon Carmody,1
Christy Beam,5
Jeremy Gillespie,1
Simon Burke,1
Lew Wallace,0
Patrick Massett,0
Jordan Peele,5
Patrick Ness,1
Marc Haimes,1
T.J. Fixman,0
Zack Kahn,1
Nicholas Martin,1
Brian Azzarello,1
Eric Summer,5
Amat Escalante,1
Sean Conway,0
Nick Antosca,1
Jim Strouse,0
Maren Ade,1
Lissa Evans,1
Ben Fountain,0
Robert Carlock,0
Radhika Rao,1
Takashi Hasegawa,1
Susan McMartin,1
Jonathan Jakubowicz,0
Deborah Lipstadt,0
Kara Holden,1
Shoojit Sircar,1
Babak Anvari,1
Ash Brannon,0
Joe Shrapnel,0
Sarah Adina Smith,1
Simon Aboud,1
Sabrina B. Karine,1
Eric Pearson,5
Tom O'Connor,5
Chase Palmer,5
Jenny Bicks,5
Michael Berk,5
James Ivory,1
Hallie Meyers-Shyer,1
Lee Unkrich,5
Allan Heinberg,5
Sebastián Lelio,1
Michael Pearce,1
Michael Green,5
Greta Gerwig,5
Jules Asner,1
Niall Leonard,5
Scott Lobdell,5
Art Marcum,5
Ronald Bronstein,0
Robert Festinger,1
Pierre Christin,1
Stephen Schiff,1
Armando Iannucci,1
Tom Flynn,1
Jon Hartmere,5
Gary Spinelli,5
James Ponsoldt,1
Brian Fee,5
Lucia Aniello,1
Rick Rosner,1
Robert L. Baird,5
Sean Flynn,0
Emily V. Gordon,5
Cory Finley,0
Coralie Fargeat,1
Jo Nesbø,1
Johannes Roberts,5
Liz Hannah,5
Paul China,1
Logan Sparks,1
Trey Edward Shults,1
Tony Leondis,5
David Branson Smith,1
Christina Hodson,5
Dorota Kobiela,1
Francis Lee,1
Gregg Hurwitz,0
Ronnie Sandahl,1
Mark Felt,1
W. Bruce Cameron,5
Kogonada,1
Giovanni Boccaccio,1
Eskil Vogt,1
Chloé Zhao,1
Marc Meyers,1
Brendan O'Brien,0
Angela Workman,1
Alex McAulay,1
Jeremy Haft,1
Robert Schwentke,1
John Pollono,0
Roger Michell,1
Yu-na Eom,5
Ash Avildsen,1
Stacey Harman,5
Justin Chon,1
Brian Selznick,1
Fatih Akin,1
Van Robichaux,1
Dwain Worrell,1
Michael Zadoorian,1
Ron Hall,0
Meghan McCarthy,5
Justin Malen,1
Knate Lee,1
Jeff Kinney,1
Jeremy Dyson,1
Alex von Tunzelmann,1
Eliza Hittman,1
Emma Jensen,1
Barbara Marshall,1
Ben Collins,1
Hiroaki Samura,1
Simon Reade,1
Michael Koskoff,0
Robin Campillo,1
Jo-yun Hwang,1
Mike Makowsky,1
Byeong-sik Jung,1
Philippa Goslett,1
Franck Khalfoun,1
Andrea Gyertson Nasfell,1
Jonathan Penner,1
Ho-min Ju,5
Bryan Woods,5
Ari Aster,5
Darcey Bell,5
Jeff Pinkner,5
Nick Vallelonga,5
Charlie Wachtel,5
Andy Weiss,0
Kenji Bando,1
Bo Burnham,1
Dario Argento,0
Deborah Davis,5
Semi Chellas,0
Byron Willinger,5
Lindsay Shapero,1
Ben Chandler,0
Nadine Labaki,5
Aaron Kandell,1
Becky Albertalli,1
P.L. Travers,5
Genndy Tartakovsky,5
Graham Roland,1
Ted Tally,1
Susanna Fogel,1
Beau Willimon,1
Phil Johnston,5
Geneva Robertson-Dworet,5
David Lagercrantz,0
Juel Taylor,5
Ryan Engle,5
Jonah Hill,0
Chad St. John,1
Jungmi Oh,1
Aneesh Chaganty,5
Brian Kehoe,5
Matthew Orton,0
Rafael Casal,1
David Birke,1
Bill Holderman,5
Crispian Mills,1
Boots Riley,1
Steven S. DeKnight,5
Chad Hodge,1
Michael Reisz,5
Daniele Sebastian Wiedenhaupt,1
Matt Leslie,1
Joe Penna,1
Roberta Hanley,0
Arijit Biswas,5
John Collee,1
Bart Layton,1
John Bellairs,5
Leo Rossi,0
A.A. Milne,5
Mark Kruger,1
Desiree Akhavan,1
Helen Edmundson,1
John Callahan,1
Garrard Conley,1
Paul Dano,1
Bethany Ashton Wolf,1
Daniel Stiepleman,1
Yoru Sumino,1
Brandon Boyce,1
Anthony Tambakis,1
Sam Levinson,0
Ashleigh Powell,5
Steve Galluccio,1
Todd Berger,0
Kevin Hart,5
Dennis Magnusson,1
Seth M. Sherwood,1
Arash Amel,1
Jay Longino,1
Nicole Taylor,1
Brian Sieve,1
Martin Amis,1
Tom Vaughan,1
Dorothy Blyskal,1
John Altschuler,0
Evgenia Peretz,1
Gustav Möller,1
Brady Corbet,1
Teresa Sutherland,1
Becca Gleason,1
Joe Chappelle,1
Miguel Arteta,1
Blake Harris,1
Prakash Kapadia,5
Jeff Pope,1
Alex Tse,1
Bart Millard,5
Kim Nguyen,1
Akira Toriyama,5
Alice Johnson Boher,1
Jonathan Baker,0
Pella Kagerman,1
Kôhei Horikoshi,1
Ken Aguado,1
Stephen Merchant,1
Christine Leunens,5
Henry Gayden,5
Sam Mendes,5
Guy Busick,5
Andrew Cosby,1
Emily Halpern,1
Robin Bissell,1
Matt Holloway,5
Tyler Nilson,5
Lee Eisenberg,5
Scotty Landes,5
Mikki Daughtry,5
Frank Baldwin,1
Michael Rasmussen,5
Matthew Cirulnick,1
Mindy Kaling,1
Matt Lieberman,5
Micah Fitzerman-Blue,1
Dan Hernandez,5
Jimmie Fails,1
Erica Beeney,0
Dan Hageman,5
Peter Ackerman,5
Ernest Riera,1
Riley Stearns,1
Vincent D'Onofrio,0
Tyler Burton Smith,1
J.C. Lee,1
Joanna Hogg,1
Lulu Wang,1
Peter Hutchings,1
Tripper Clancy,1
Sarfraz Manzoor,1
Edmond Wong,5
Jill Culton,5
Erin Cardillo,1
Malik Bader,1
Alison Peck,0
David Gleeson,0
Lee Cronin,1
Paul Downs Colaizzo,1
Bart Freundlich,1
Gareth Dunnet-Alcocer,1
Sanjeev Dutta,1
Won-Tae Lee,1
Fred Durst,0
Laure de Clermont-Tonnerre,1
Joey O'Bryan,0
Gong Geer,5
Dan Benamor,0
Joyce Smith,1
Zara Hayes,1
Tracy Oliver,1
Yu Yang,5
Justin Monjo,1
Zoya Akhtar,1
John Swab,1
Se-yeong Bae,5
Noble Jones,1
Robert Krantz,1
Sudip Sharma,1
R. Balki,1
Melanie Martinez,0
Ritesh Shah,1
Sujeeth,1
Sang-Geun Lee,5
Van Ling,1
Britt Poulton,1
Abby Johnson,1
Arshad Sayed,1
Joo-hwan Kim,1
Rohan Shankar,1
Surabhi Bhatnagar,1
Lucio Castro,1
Alex Ranarivelo,1
Gorô Taniguchi,1
Jen Tullock,1
John Bunyan,1
Eddie Mensore,0
Alice Austen,1
Robbie Grewal,1
Le-Van Kiet,1
Shelly Chopra Dhar,1
Roxanne Benjamin,1
Chao Wang,5
Su-jin Park,1
Mark Bramble,1
Noel Ashman,0
Andy Golub,0
Rich Christiano,1
Jung Da-Won,1
Drew Cullingham,1
T.C. Christensen,1
Adam Prince,1
Yonggan Yu,5
Paritosh Painter,1
Lee Stanley,1
Claudio Herrera,1
Cat Kwan,5
Noo-ri Park,1
Marie Kreutzer,1
Wanggo Gallaga,0
Andrew E. Matthews,1
Carlo Zen,1
Cory Brusseau,1
Hu Guan,5
Antoinette Jadaone,1
Raj Kumar Gupta,1
Koon-Nam Lui,1
Tim Ogletree,1
Jeffrey Nicholson,1
David Stuart Snell,0
Monia Chokri,1
Scott Teems,1
Keith Brooks,0
Scott Pryor,1
Ji Zhang,1
Dekoven Riggins,0
Kevin Shulman,1
Stefan C. Schaefer,0
C.E. Poverman,0
Aleks Alifirenko Jr.,0
Joseph Ebanks,0
Lisa Huston,0
Lynno Lovert,0
James Randall,0
Pereko Mosia,0
